timestamp,model,config_id,params,config_hash,base_config_hash,git_commit,git_dirty,seed,best_epoch,time_s,val_NDCG@10,val_Recall@10,val_HR@10,val_Precision@10,val_NDCG@5
2026-09-27T16:48:57,popularity_recent,0,"{""window_days"": 28}",dfa920f719b81ce3,d752c311c3fbfe15,d1cfa3f92d2432a96782a136b583b1c4c97a34ee,False,42,,1.0,0.006755,0.011969,0.031209,0.003341,0.004821
2026-09-27T16:48:58,popularity_recent,1,"{""window_days"": 7}",5d21c31fcd22b175,d752c311c3fbfe15,d1cfa3f92d2432a96782a136b583b1c4c97a34ee,False,42,,1.0,0.005278,0.007986,0.01978,0.002022,0.004022
2026-09-27T16:48:59,popularity_recent,2,"{""window_days"": 14}",b8c86fa9dad47f58,d752c311c3fbfe15,d1cfa3f92d2432a96782a136b583b1c4c97a34ee,False,42,,1.0,0.005664,0.009162,0.023736,0.002505,0.004054
2026-09-27T16:49:00,popularity_recent,3,"{""window_days"": 56}",f832b657a6a3f90e,d752c311c3fbfe15,d1cfa3f92d2432a96782a136b583b1c4c97a34ee,False,42,,1.1,0.008453,0.012577,0.032088,0.003516,0.00651
2026-09-27T16:49:06,ials,0,"{""alpha"": 1.0, ""factors"": 64, ""regularization"": 0.01}",101c28d4184a8317,d752c311c3fbfe15,d1cfa3f92d2432a96782a136b583b1c4c97a34ee,False,42,,6.1,0.009064,0.013605,0.034286,0.003648,0.007084
2026-09-27T16:49:12,ials,1,"{""alpha"": 1.0, ""factors"": 64, ""regularization"": 0.001}",095bf37f5c752fdd,d752c311c3fbfe15,d1cfa3f92d2432a96782a136b583b1c4c97a34ee,False,42,,5.9,0.009041,0.013495,0.034286,0.003648,0.007094
2026-09-27T16:49:18,ials,2,"{""alpha"": 10.0, ""factors"": 64, ""regularization"": 0.001}",7a6c534977960617,d752c311c3fbfe15,d1cfa3f92d2432a96782a136b583b1c4c97a34ee,False,42,,5.7,0.011408,0.015596,0.04,0.00422,0.009153
2026-09-27T16:49:23,ials,3,"{""alpha"": 40.0, ""factors"": 64, ""regularization"": 0.1}",89c7d1869d65fbfd,d752c311c3fbfe15,d1cfa3f92d2432a96782a136b583b1c4c97a34ee,False,42,,5.6,0.00975,0.012762,0.031209,0.003253,0.008482
2026-09-27T16:49:32,ials,4,"{""alpha"": 1.0, ""factors"": 128, ""regularization"": 0.01}",c478821b84e97e16,d752c311c3fbfe15,d1cfa3f92d2432a96782a136b583b1c4c97a34ee,False,42,,8.9,0.008597,0.012922,0.032527,0.003297,0.007063
2026-09-27T16:49:47,ials,5,"{""alpha"": 1.0, ""factors"": 256, ""regularization"": 0.001}",1080e9723ed74437,d752c311c3fbfe15,d1cfa3f92d2432a96782a136b583b1c4c97a34ee,False,42,,14.7,0.007225,0.010537,0.024615,0.002549,0.006161
2026-09-27T16:51:43,bpr,0,"{""embedding_dim"": 32, ""epochs"": 20, ""lr"": 0.03, ""reg"": 0.005}",e47a56884345b93d,d752c311c3fbfe15,d1cfa3f92d2432a96782a136b583b1c4c97a34ee,False,42,,116.0,0.009115,0.013856,0.038242,0.00444,0.006882
2026-09-27T16:55:29,bpr,1,"{""embedding_dim"": 32, ""epochs"": 40, ""lr"": 0.05, ""reg"": 0.005}",eac6a89624ba9fe5,d752c311c3fbfe15,d1cfa3f92d2432a96782a136b583b1c4c97a34ee,False,42,,225.7,0.00595,0.010339,0.024176,0.002681,0.003356
2026-09-27T16:59:15,bpr,2,"{""embedding_dim"": 32, ""epochs"": 40, ""lr"": 0.05, ""reg"": 0.01}",a37ac27ee5796cdf,d752c311c3fbfe15,d1cfa3f92d2432a96782a136b583b1c4c97a34ee,False,42,,225.9,0.005666,0.009377,0.022857,0.002549,0.003889
2026-09-27T17:03:05,bpr,3,"{""embedding_dim"": 64, ""epochs"": 40, ""lr"": 0.03, ""reg"": 0.005}",ffcc73a44fd7c727,d752c311c3fbfe15,d1cfa3f92d2432a96782a136b583b1c4c97a34ee,False,42,,230.1,0.007382,0.010164,0.027253,0.002901,0.006296
2026-09-27T17:05:02,bpr,4,"{""embedding_dim"": 64, ""epochs"": 20, ""lr"": 0.05, ""reg"": 0.005}",953b8724cd8b3910,d752c311c3fbfe15,d1cfa3f92d2432a96782a136b583b1c4c97a34ee,False,42,,117.4,0.006977,0.010077,0.029011,0.003077,0.005833
2026-09-27T17:07:09,bpr,5,"{""embedding_dim"": 128, ""epochs"": 20, ""lr"": 0.03, ""reg"": 0.001}",f90ef3032869fb09,d752c311c3fbfe15,d1cfa3f92d2432a96782a136b583b1c4c97a34ee,False,42,,127.0,0.008705,0.013675,0.036044,0.004088,0.006631
2026-09-27T17:08:37,gmf,0,"{""embedding_dim"": 32, ""lr"": 0.001, ""negative_ratio"": 4, ""weight_decay"": 1e-06}",ee043cc3020fa74a,d752c311c3fbfe15,d1cfa3f92d2432a96782a136b583b1c4c97a34ee,False,42,1,88.3,0.007966,0.013159,0.035604,0.003868,0.005889
2026-09-27T17:10:22,gmf,1,"{""embedding_dim"": 32, ""lr"": 0.001, ""negative_ratio"": 8, ""weight_decay"": 0.0}",3ee3efc565f6967a,d752c311c3fbfe15,d1cfa3f92d2432a96782a136b583b1c4c97a34ee,False,42,1,104.5,0.007319,0.012618,0.033846,0.003736,0.004794
2026-09-27T17:13:54,gmf,2,"{""embedding_dim"": 32, ""lr"": 0.001, ""negative_ratio"": 8, ""weight_decay"": 1e-06}",9ca85e49d00ace5d,d752c311c3fbfe15,d1cfa3f92d2432a96782a136b583b1c4c97a34ee,False,42,8,211.8,0.008181,0.012373,0.034725,0.003736,0.006288
2026-09-27T17:17:04,gmf,3,"{""embedding_dim"": 64, ""lr"": 0.001, ""negative_ratio"": 8, ""weight_decay"": 1e-06}",2cb2848fc8ce093c,d752c311c3fbfe15,d1cfa3f92d2432a96782a136b583b1c4c97a34ee,False,42,6,189.8,0.007493,0.011682,0.031209,0.003385,0.005478
2026-09-27T17:19:04,gmf,4,"{""embedding_dim"": 32, ""lr"": 0.0005, ""negative_ratio"": 4, ""weight_decay"": 0.0}",dec85734dd858e30,d752c311c3fbfe15,d1cfa3f92d2432a96782a136b583b1c4c97a34ee,False,42,4,120.9,0.008092,0.013856,0.036044,0.004,0.005738
2026-09-27T17:22:15,gmf,5,"{""embedding_dim"": 64, ""lr"": 0.0005, ""negative_ratio"": 4, ""weight_decay"": 0.0}",c77281f4d736cf1b,d752c311c3fbfe15,d1cfa3f92d2432a96782a136b583b1c4c97a34ee,False,42,9,190.2,0.008431,0.012132,0.03033,0.003429,0.006645
2026-09-27T17:24:37,mlp,0,"{""dropout"": 0.2, ""embedding_dim"": 32, ""lr"": 0.001, ""negative_ratio"": 4, ""weight_decay"": 1e-06}",ac1d05c516ccb46d,d752c311c3fbfe15,d1cfa3f92d2432a96782a136b583b1c4c97a34ee,False,42,2,141.9,0.008135,0.011237,0.031209,0.003648,0.006213
2026-09-27T17:28:10,mlp,1,"{""dropout"": 0.2, ""embedding_dim"": 32, ""lr"": 0.001, ""negative_ratio"": 8, ""weight_decay"": 0.0}",958e248b2aaff554,d752c311c3fbfe15,d1cfa3f92d2432a96782a136b583b1c4c97a34ee,False,42,5,213.7,0.008369,0.014196,0.036484,0.004132,0.005802
2026-09-27T17:30:51,mlp,2,"{""dropout"": 0.0, ""embedding_dim"": 32, ""lr"": 0.001, ""negative_ratio"": 8, ""weight_decay"": 1e-06}",96ccfe828f27e372,d752c311c3fbfe15,d1cfa3f92d2432a96782a136b583b1c4c97a34ee,False,42,3,161.0,0.008027,0.012638,0.035165,0.004044,0.00597
2026-09-27T17:33:50,mlp,3,"{""dropout"": 0.2, ""embedding_dim"": 64, ""lr"": 0.001, ""negative_ratio"": 8, ""weight_decay"": 1e-06}",9198811f43804e3b,d752c311c3fbfe15,d1cfa3f92d2432a96782a136b583b1c4c97a34ee,False,42,3,179.2,0.008176,0.013041,0.034725,0.004,0.006271
2026-09-27T17:35:34,mlp,4,"{""dropout"": 0.0, ""embedding_dim"": 32, ""lr"": 0.0005, ""negative_ratio"": 4, ""weight_decay"": 1e-06}",3d0bf1789ffe13bf,d752c311c3fbfe15,d1cfa3f92d2432a96782a136b583b1c4c97a34ee,False,42,1,103.2,0.008145,0.013863,0.036923,0.004088,0.005633
2026-09-27T17:37:22,mlp,5,"{""dropout"": 0.2, ""embedding_dim"": 64, ""lr"": 0.0005, ""negative_ratio"": 4, ""weight_decay"": 1e-06}",bc7de0b232e86787,d752c311c3fbfe15,d1cfa3f92d2432a96782a136b583b1c4c97a34ee,False,42,1,108.4,0.008007,0.012894,0.034286,0.00378,0.006158
2026-09-27T17:39:28,neumf_scratch,0,"{""dropout"": 0.2, ""embedding_dim"": 32, ""lr"": 0.001, ""negative_ratio"": 4, ""weight_decay"": 1e-06}",71b53fdcce370b50,d752c311c3fbfe15,d1cfa3f92d2432a96782a136b583b1c4c97a34ee,False,42,2,126.3,0.009156,0.012699,0.034725,0.003868,0.007106
2026-09-27T17:42:16,neumf_scratch,1,"{""dropout"": 0.2, ""embedding_dim"": 32, ""lr"": 0.001, ""negative_ratio"": 8, ""weight_decay"": 0.0}",0a8a3eb9b4562b32,d752c311c3fbfe15,d1cfa3f92d2432a96782a136b583b1c4c97a34ee,False,42,2,167.6,0.008004,0.012651,0.032527,0.00378,0.005402
2026-09-27T17:47:10,neumf_scratch,2,"{""dropout"": 0.0, ""embedding_dim"": 32, ""lr"": 0.001, ""negative_ratio"": 8, ""weight_decay"": 1e-06}",4141bceb5b55f8ce,d752c311c3fbfe15,d1cfa3f92d2432a96782a136b583b1c4c97a34ee,False,42,8,294.1,0.009876,0.013113,0.036923,0.00422,0.008387
2026-09-27T17:50:36,neumf_scratch,3,"{""dropout"": 0.2, ""embedding_dim"": 64, ""lr"": 0.001, ""negative_ratio"": 8, ""weight_decay"": 1e-06}",6223f3bf5829ad7a,d752c311c3fbfe15,d1cfa3f92d2432a96782a136b583b1c4c97a34ee,False,42,3,205.5,0.008331,0.0119,0.033846,0.003648,0.006303
2026-09-27T17:53:25,neumf_scratch,4,"{""dropout"": 0.0, ""embedding_dim"": 32, ""lr"": 0.0005, ""negative_ratio"": 4, ""weight_decay"": 1e-06}",18167542335ce77c,d752c311c3fbfe15,d1cfa3f92d2432a96782a136b583b1c4c97a34ee,False,42,5,169.6,0.010751,0.014824,0.043077,0.004747,0.008257
2026-09-27T17:57:18,neumf_scratch,5,"{""dropout"": 0.2, ""embedding_dim"": 64, ""lr"": 0.0005, ""negative_ratio"": 4, ""weight_decay"": 1e-06}",144a8a1b951e67bc,d752c311c3fbfe15,d1cfa3f92d2432a96782a136b583b1c4c97a34ee,False,42,7,232.8,0.011071,0.01515,0.040879,0.004527,0.00867
2026-09-27T17:59:48,neumf_pretrained,0,"{""alpha"": 0.5, ""dropout"": 0.2, ""embedding_dim"": 32, ""gmf_dim"": 64, ""lr"": 0.001, ""negative_ratio"": 8, ""weight_decay"": 0.0}",e54def1f8f66c880,d752c311c3fbfe15,d1cfa3f92d2432a96782a136b583b1c4c97a34ee,False,42,1,150.5,0.00686,0.010302,0.029011,0.002989,0.005668
2026-09-27T18:02:20,neumf_pretrained,1,"{""alpha"": 0.7, ""dropout"": 0.2, ""embedding_dim"": 32, ""gmf_dim"": 64, ""lr"": 0.001, ""negative_ratio"": 8, ""weight_decay"": 0.0}",191de214a97b5321,d752c311c3fbfe15,d1cfa3f92d2432a96782a136b583b1c4c97a34ee,False,42,1,151.6,0.006764,0.010245,0.029011,0.002945,0.00559
2026-09-27T18:05:15,neumf_pretrained,2,"{""alpha"": 0.3, ""dropout"": 0.2, ""embedding_dim"": 32, ""gmf_dim"": 64, ""lr"": 0.0005, ""negative_ratio"": 8, ""weight_decay"": 0.0}",14ba00c7f96c6dc3,d752c311c3fbfe15,d1cfa3f92d2432a96782a136b583b1c4c97a34ee,False,42,2,174.9,0.008902,0.011793,0.032527,0.003429,0.007867
2026-09-27T18:08:10,neumf_pretrained,3,"{""alpha"": 0.5, ""dropout"": 0.2, ""embedding_dim"": 32, ""gmf_dim"": 64, ""lr"": 0.0005, ""negative_ratio"": 8, ""weight_decay"": 0.0}",4e771b398e796050,d752c311c3fbfe15,d1cfa3f92d2432a96782a136b583b1c4c97a34ee,False,42,2,175.4,0.008217,0.011322,0.031648,0.003341,0.007055
2026-09-27T18:11:05,neumf_pretrained,4,"{""alpha"": 0.7, ""dropout"": 0.2, ""embedding_dim"": 32, ""gmf_dim"": 64, ""lr"": 0.0005, ""negative_ratio"": 8, ""weight_decay"": 0.0}",e7e30765de3d2eec,d752c311c3fbfe15,d1cfa3f92d2432a96782a136b583b1c4c97a34ee,False,42,2,174.5,0.007634,0.010502,0.029451,0.003121,0.006614
2026-09-27T18:15:50,neumf_pretrained,5,"{""alpha"": 0.3, ""dropout"": 0.2, ""embedding_dim"": 32, ""gmf_dim"": 64, ""lr"": 0.0001, ""negative_ratio"": 8, ""weight_decay"": 0.0}",e885cdb109bc234a,d752c311c3fbfe15,d1cfa3f92d2432a96782a136b583b1c4c97a34ee,False,42,7,285.5,0.009133,0.012554,0.033407,0.003736,0.007865
2026-09-27T18:19:41,cfnet,0,"{""dropout"": 0.2, ""embedding_dim"": 32, ""lr"": 0.001, ""negative_ratio"": 4, ""rl_layers"": [512, 64], ""weight_decay"": 1e-06}",d1cac2fa09d0255e,d752c311c3fbfe15,d1cfa3f92d2432a96782a136b583b1c4c97a34ee,False,42,2,231.1,0.011571,0.016344,0.043077,0.004923,0.009392
2026-09-27T18:23:44,cfnet,1,"{""dropout"": 0.0, ""embedding_dim"": 32, ""lr"": 0.001, ""negative_ratio"": 8, ""rl_layers"": [256, 64], ""weight_decay"": 0.0}",820134e90f359cde,d752c311c3fbfe15,d1cfa3f92d2432a96782a136b583b1c4c97a34ee,False,42,2,242.3,0.009233,0.013181,0.034725,0.003868,0.007935
2026-09-27T18:30:25,cfnet,2,"{""dropout"": 0.0, ""embedding_dim"": 32, ""lr"": 0.001, ""negative_ratio"": 8, ""rl_layers"": [512, 64], ""weight_decay"": 1e-06}",6e137b625039d9c8,d752c311c3fbfe15,d1cfa3f92d2432a96782a136b583b1c4c97a34ee,False,42,3,401.2,0.009639,0.013494,0.035165,0.003912,0.007642
2026-09-27T18:35:09,cfnet,3,"{""dropout"": 0.0, ""embedding_dim"": 32, ""lr"": 0.0005, ""negative_ratio"": 4, ""rl_layers"": [512, 64], ""weight_decay"": 0.0}",ac185eab66af0026,d752c311c3fbfe15,d1cfa3f92d2432a96782a136b583b1c4c97a34ee,False,42,4,283.7,0.010439,0.015868,0.038242,0.004264,0.00832
2026-09-27T18:38:29,cfnet,4,"{""dropout"": 0.2, ""embedding_dim"": 32, ""lr"": 0.0005, ""negative_ratio"": 4, ""rl_layers"": [256, 64], ""weight_decay"": 1e-06}",a56814a52803254c,d752c311c3fbfe15,d1cfa3f92d2432a96782a136b583b1c4c97a34ee,False,42,3,200.3,0.011686,0.016298,0.043516,0.004791,0.009106
2026-09-27T18:42:32,cfnet,5,"{""dropout"": 0.2, ""embedding_dim"": 32, ""lr"": 0.0005, ""negative_ratio"": 8, ""rl_layers"": [256, 64], ""weight_decay"": 0.0}",4543e077bdb81431,d752c311c3fbfe15,d1cfa3f92d2432a96782a136b583b1c4c97a34ee,False,42,2,242.9,0.010511,0.014453,0.038681,0.004308,0.008759
2026-09-27T18:42:41,fusion_b,0,"{""w"": 0.5}",e306de36eae7797e,d752c311c3fbfe15,d1cfa3f92d2432a96782a136b583b1c4c97a34ee,False,42,,8.9,0.012478,0.01819,0.043516,0.004527,0.009948
2026-09-27T18:42:43,fusion_b,1,"{""w"": 0.0}",2abaf64e41aa597b,d752c311c3fbfe15,d1cfa3f92d2432a96782a136b583b1c4c97a34ee,False,42,,2.4,0.011071,0.01515,0.040879,0.004527,0.00867
2026-09-27T18:42:46,fusion_b,2,"{""w"": 0.1}",996cb5fbe275caa4,d752c311c3fbfe15,d1cfa3f92d2432a96782a136b583b1c4c97a34ee,False,42,,2.5,0.012148,0.016617,0.043077,0.004747,0.010127
2026-09-27T18:42:48,fusion_b,3,"{""w"": 0.2}",d68263fda7d9fa8c,d752c311c3fbfe15,d1cfa3f92d2432a96782a136b583b1c4c97a34ee,False,42,,2.5,0.012223,0.016704,0.046154,0.005055,0.010262
2026-09-27T18:42:50,fusion_b,4,"{""w"": 0.3}",6ba48ac2514b545a,d752c311c3fbfe15,d1cfa3f92d2432a96782a136b583b1c4c97a34ee,False,42,,2.4,0.012529,0.017486,0.045714,0.004967,0.010518
2026-09-27T18:42:53,fusion_b,5,"{""w"": 0.4}",cff32ddf8c547a1c,d752c311c3fbfe15,d1cfa3f92d2432a96782a136b583b1c4c97a34ee,False,42,,2.5,0.012314,0.017421,0.043516,0.004659,0.009983
2026-09-27T18:42:55,fusion_b,6,"{""w"": 0.6}",69c06a85b0022b51,d752c311c3fbfe15,d1cfa3f92d2432a96782a136b583b1c4c97a34ee,False,42,,2.5,0.012601,0.018347,0.043956,0.004571,0.010105
2026-09-27T18:42:58,fusion_b,7,"{""w"": 0.7}",5dd9dcaa34d320a1,d752c311c3fbfe15,d1cfa3f92d2432a96782a136b583b1c4c97a34ee,False,42,,2.4,0.012347,0.017502,0.042637,0.00444,0.010021
2026-09-27T18:43:00,fusion_b,8,"{""w"": 0.8}",c7e35543346cf79e,d752c311c3fbfe15,d1cfa3f92d2432a96782a136b583b1c4c97a34ee,False,42,,2.4,0.011915,0.016306,0.042198,0.004396,0.009786
2026-09-27T18:43:03,fusion_b,9,"{""w"": 0.9}",dc410d59833bd43a,d752c311c3fbfe15,d1cfa3f92d2432a96782a136b583b1c4c97a34ee,False,42,,2.4,0.011685,0.016306,0.041758,0.004396,0.009437
2026-09-27T18:43:05,fusion_b,10,"{""w"": 1.0}",01198173e6ca6e3f,d752c311c3fbfe15,d1cfa3f92d2432a96782a136b583b1c4c97a34ee,False,42,,2.4,0.011408,0.015596,0.04,0.00422,0.009153
2026-10-02T15:42:22,itemknn,0,"{""k"": 100, ""shrink"": 0.0}",10610c141e255bc4,a81194c60a2ad79d,922f64fd11177b440610127f4f6aa6bbe0020b47,True,42,,5.9,0.010292,0.016104,0.037363,0.003956,0.00776
2026-10-02T15:42:27,itemknn,1,"{""k"": 50, ""shrink"": 0.0}",a2d410e9205fc3ab,a81194c60a2ad79d,922f64fd11177b440610127f4f6aa6bbe0020b47,True,42,,5.1,0.010979,0.018419,0.041758,0.004396,0.007829
2026-10-02T15:42:33,itemknn,2,"{""k"": 50, ""shrink"": 10.0}",60ff17da2e07cd21,a81194c60a2ad79d,922f64fd11177b440610127f4f6aa6bbe0020b47,True,42,,5.2,0.01137,0.01792,0.041758,0.00444,0.009055
2026-10-02T15:42:38,itemknn,3,"{""k"": 100, ""shrink"": 10.0}",c787b5d38f7da7a7,a81194c60a2ad79d,922f64fd11177b440610127f4f6aa6bbe0020b47,True,42,,5.3,0.011286,0.017646,0.042198,0.004484,0.008807
2026-10-02T15:42:44,itemknn,4,"{""k"": 100, ""shrink"": 50.0}",a764f02c86344f2a,a81194c60a2ad79d,922f64fd11177b440610127f4f6aa6bbe0020b47,True,42,,5.9,0.012168,0.017286,0.040879,0.004352,0.010719
2026-10-02T15:42:51,itemknn,5,"{""k"": 200, ""shrink"": 0.0}",cc13a635a355a880,a81194c60a2ad79d,922f64fd11177b440610127f4f6aa6bbe0020b47,True,42,,7.3,0.009696,0.0144,0.035165,0.003692,0.008172
2026-10-02T15:42:56,userknn,0,"{""k"": 100, ""shrink"": 0.0}",93d78d3214dbd25b,a81194c60a2ad79d,922f64fd11177b440610127f4f6aa6bbe0020b47,True,42,,4.9,0.011298,0.015527,0.036923,0.004088,0.009905
2026-10-02T15:43:01,userknn,1,"{""k"": 50, ""shrink"": 0.0}",1ad0aa055470fd17,a81194c60a2ad79d,922f64fd11177b440610127f4f6aa6bbe0020b47,True,42,,4.7,0.008588,0.0113,0.027692,0.003209,0.007627
2026-10-02T15:43:05,userknn,2,"{""k"": 50, ""shrink"": 10.0}",7c6e0620ddfc51b4,a81194c60a2ad79d,922f64fd11177b440610127f4f6aa6bbe0020b47,True,42,,4.5,0.009946,0.014985,0.035604,0.003868,0.00812
2026-10-02T15:43:10,userknn,3,"{""k"": 100, ""shrink"": 10.0}",473f6557c69fd6cd,a81194c60a2ad79d,922f64fd11177b440610127f4f6aa6bbe0020b47,True,42,,5.1,0.011763,0.017192,0.040879,0.004571,0.0093
2026-10-02T15:43:15,userknn,4,"{""k"": 100, ""shrink"": 50.0}",c386e1810e27144c,a81194c60a2ad79d,922f64fd11177b440610127f4f6aa6bbe0020b47,True,42,,5.1,0.011554,0.017174,0.041319,0.004484,0.009397
2026-10-02T15:43:21,userknn,5,"{""k"": 200, ""shrink"": 0.0}",94463c01866455e3,a81194c60a2ad79d,922f64fd11177b440610127f4f6aa6bbe0020b47,True,42,,5.5,0.013399,0.019104,0.045275,0.005055,0.011221
2026-10-02T15:57:58,late_gmf_mlp,0,"{""w"": 0.5}",4f9cebf0f323abcb,a81194c60a2ad79d,922f64fd11177b440610127f4f6aa6bbe0020b47,True,42,,877.1,0.008959,0.011631,0.031209,0.00356,0.007929
2026-10-02T15:58:02,late_gmf_mlp,1,"{""w"": 0.0}",1220ce9b6b0fc4b2,a81194c60a2ad79d,922f64fd11177b440610127f4f6aa6bbe0020b47,True,42,,4.0,0.009219,0.015543,0.04,0.004352,0.006599
2026-10-02T15:58:06,late_gmf_mlp,2,"{""w"": 0.1}",fd0eda766ee929d4,a81194c60a2ad79d,922f64fd11177b440610127f4f6aa6bbe0020b47,True,42,,4.0,0.010045,0.015308,0.040879,0.004527,0.00798
2026-10-02T15:58:10,late_gmf_mlp,3,"{""w"": 0.2}",7a8413da8c3fbf5c,a81194c60a2ad79d,922f64fd11177b440610127f4f6aa6bbe0020b47,True,42,,4.0,0.009627,0.012947,0.036923,0.004132,0.008542
2026-10-02T15:58:14,late_gmf_mlp,4,"{""w"": 0.3}",7bbeafef244236e4,a81194c60a2ad79d,922f64fd11177b440610127f4f6aa6bbe0020b47,True,42,,4.0,0.009642,0.012782,0.036044,0.004,0.008471
2026-10-02T15:58:18,late_gmf_mlp,5,"{""w"": 0.4}",525aafa44233433a,a81194c60a2ad79d,922f64fd11177b440610127f4f6aa6bbe0020b47,True,42,,4.1,0.009468,0.012524,0.033407,0.00378,0.008349
2026-10-02T15:58:22,late_gmf_mlp,6,"{""w"": 0.6}",407886eeb1f08b48,a81194c60a2ad79d,922f64fd11177b440610127f4f6aa6bbe0020b47,True,42,,4.1,0.008963,0.011934,0.030769,0.003516,0.007495
2026-10-02T15:58:26,late_gmf_mlp,7,"{""w"": 0.7}",ee5449e573f1e40b,a81194c60a2ad79d,922f64fd11177b440610127f4f6aa6bbe0020b47,True,42,,4.0,0.008837,0.011858,0.03033,0.003429,0.007445
2026-10-02T15:58:30,late_gmf_mlp,8,"{""w"": 0.8}",a22ed10c251373ce,a81194c60a2ad79d,922f64fd11177b440610127f4f6aa6bbe0020b47,True,42,,4.0,0.008827,0.012343,0.031648,0.003604,0.007082
2026-10-02T15:58:34,late_gmf_mlp,9,"{""w"": 0.9}",9a6f6c9639e0ff3a,a81194c60a2ad79d,922f64fd11177b440610127f4f6aa6bbe0020b47,True,42,,4.1,0.008595,0.012023,0.02989,0.003385,0.007226
2026-10-02T15:58:38,late_gmf_mlp,10,"{""w"": 1.0}",602d2d4a8e8a0df1,a81194c60a2ad79d,922f64fd11177b440610127f4f6aa6bbe0020b47,True,42,,4.0,0.008431,0.012132,0.03033,0.003429,0.006645
2026-10-02T16:02:01,late_bpr_mlp,0,"{""w"": 0.5}",1eb15d57307ac4c3,a81194c60a2ad79d,922f64fd11177b440610127f4f6aa6bbe0020b47,True,42,,202.9,0.009708,0.014528,0.038681,0.004527,0.007331
2026-10-02T16:02:05,late_bpr_mlp,1,"{""w"": 0.0}",1a771788df2b3e03,a81194c60a2ad79d,922f64fd11177b440610127f4f6aa6bbe0020b47,True,42,,3.3,0.009219,0.015543,0.04,0.004352,0.006599
2026-10-02T16:02:08,late_bpr_mlp,2,"{""w"": 0.1}",571e96de786a4964,a81194c60a2ad79d,922f64fd11177b440610127f4f6aa6bbe0020b47,True,42,,3.2,0.009291,0.015491,0.03956,0.00444,0.006567
2026-10-02T16:02:11,late_bpr_mlp,3,"{""w"": 0.2}",591c63699fc60b35,a81194c60a2ad79d,922f64fd11177b440610127f4f6aa6bbe0020b47,True,42,,3.4,0.009411,0.015383,0.03956,0.004484,0.006771
2026-10-02T16:02:15,late_bpr_mlp,4,"{""w"": 0.3}",464ec85529e536c4,a81194c60a2ad79d,922f64fd11177b440610127f4f6aa6bbe0020b47,True,42,,3.3,0.009721,0.015614,0.04044,0.004615,0.007066
2026-10-02T16:02:17,late_bpr_mlp,5,"{""w"": 0.4}",58024672a03f674f,a81194c60a2ad79d,922f64fd11177b440610127f4f6aa6bbe0020b47,True,42,,2.9,0.009577,0.014928,0.039121,0.004527,0.006997
2026-10-02T16:02:21,late_bpr_mlp,6,"{""w"": 0.6}",e92f65e2400cab31,a81194c60a2ad79d,922f64fd11177b440610127f4f6aa6bbe0020b47,True,42,,3.4,0.009553,0.014309,0.038681,0.004527,0.007275
2026-10-02T16:02:24,late_bpr_mlp,7,"{""w"": 0.7}",94a835798bf028d4,a81194c60a2ad79d,922f64fd11177b440610127f4f6aa6bbe0020b47,True,42,,3.4,0.009481,0.014109,0.037802,0.004396,0.007396
2026-10-02T16:02:27,late_bpr_mlp,8,"{""w"": 0.8}",72645181b6f629b5,a81194c60a2ad79d,922f64fd11177b440610127f4f6aa6bbe0020b47,True,42,,2.9,0.009358,0.014329,0.038242,0.00444,0.007191
2026-10-02T16:02:30,late_bpr_mlp,9,"{""w"": 0.9}",2a53e87b8f98dbaa,a81194c60a2ad79d,922f64fd11177b440610127f4f6aa6bbe0020b47,True,42,,2.9,0.009371,0.014369,0.038681,0.004484,0.00716
2026-10-02T16:02:33,late_bpr_mlp,10,"{""w"": 1.0}",58de9cc888a2e789,a81194c60a2ad79d,922f64fd11177b440610127f4f6aa6bbe0020b47,True,42,,2.8,0.009115,0.013856,0.038242,0.00444,0.006882
