model,coverage10,new_share10,best_epoch_mean,best_epochs,train_min
neumf_f,0.06884272997032641,0.07054496823804747,6.6,6;9;5;8;5,9.261333333333333
late_f,0.024688427299703265,0.004179204279505183,,,0.0
gmf_f,0.1518100890207715,0.11220327649615514,7.4,9;8;9;6;5,7.838
mlp_f,0.0008308605341246291,0.0,6.8,1;10;1;20;2,4.699333333333333
neumf,0.0429673590504451,0.0,3.4,5;3;3;3;3,2.7676666666666665
gmf,0.0010682492581602374,0.0,1.8,1;2;2;1;3,1.8383333333333334
mlp,0.0011275964391691394,0.0,4.2,3;7;3;3;5,2.804666666666667
bpr,0.05246290801186944,0.0,,,1.9353333333333333
itemknn,0.22783382789317508,0.0,,,0.030000000000000002
userknn,0.08320474777448071,0.0,,,0.018333333333333333
content,0.43905044510385755,0.18177866934135742,,,0.03333333333333333
recent_pop,0.0008308605341246291,0.0,,,0.0
popularity,0.0009495548961424333,0.0,,,0.0
random,0.8310385756676558,0.4376462721497827,,,0.0
