model,old_mean,old_lo,old_hi,old_users,new_mean,new_lo,new_hi,new_users,oldonly_mean,oldonly_lo,oldonly_hi,oldonly_users,old_diff_neumf_f,old_diff_lo,old_diff_hi,new_diff_neumf_f,new_diff_lo,new_diff_hi,oldonly_diff_neumf_f,oldonly_diff_lo,oldonly_diff_hi
neumf_f,0.0238472945276592,0.020690767201557353,0.027208338590641656,2347,0.0005705380361936188,0.00028792817764732167,0.0009092884136902175,1940,0.025361100664586682,0.022110296597461367,0.028855537600206097,2347,,,,,,,,,
late_f,0.028180384896538666,0.024668045563188138,0.03192665532116532,2347,0.00016531533167408517,5.590051608871919e-05,0.0002962735452880183,1940,0.028529760230224924,0.02497739336381514,0.03231196087842918,2347,-0.004333090368879462,-0.006552380442000938,-0.002155825048137108,0.0004052227045195337,0.0001382731436993356,0.0007146549257771993,-0.003168659565638243,-0.005389340311654683,-0.0009469691313973902
gmf_f,0.024609364092016337,0.021418278104744885,0.027994002845799774,2347,0.0006990484470676664,0.0003959078042718756,0.0010454923533800254,1940,0.02643288704350767,0.023031412115218454,0.02995791116607298,2347,-0.0007620695643571335,-0.002614532019686786,0.001179654346515889,-0.00012851041087404751,-0.0005011539107078635,0.0002462708159059405,-0.0010717863789209915,-0.00298911106937607,0.0009072399235739413
mlp_f,0.016109926730389884,0.013940831201383596,0.018359542850673777,2347,3.532851368851177e-05,0.0,8.73012838054632e-05,1940,0.016258622682897184,0.014076713212895383,0.018515361722862694,2347,0.007737367797269317,0.004879415881306173,0.010753645737555783,0.000535209522505107,0.0002506161522428485,0.0008728948427883173,0.009102477981689495,0.006142170009319549,0.012232273517585176
neumf,0.01673473791871429,0.014004747018437836,0.01962456293319939,2347,0.0,0.0,0.0,1940,0.01673473791871429,0.014004747018437836,0.01962456293319939,2347,0.007112556608944912,0.00364039718978634,0.010632525630384818,0.0005705380361936188,0.00028792817764732167,0.0009092884136902175,0.008626362745872387,0.005102090947341244,0.012226714115073612
gmf,0.01503788986723028,0.012443472923585644,0.017805792513470566,2347,0.0,0.0,0.0,1940,0.01503788986723028,0.012443472923585644,0.017805792513470566,2347,0.008809404660428923,0.005336114154773406,0.012418448402673806,0.0005705380361936188,0.00028792817764732167,0.0009092884136902175,0.0103232107973564,0.00676150381483323,0.014042143511899212
mlp,0.015154107090493555,0.012461935810707092,0.018063830529246382,2347,0.0,0.0,0.0,1940,0.015154107090493555,0.012461935810707092,0.018063830529246382,2347,0.008693187437165644,0.005100573198585033,0.01239299126454592,0.0005705380361936188,0.00028792817764732167,0.0009092884136902175,0.01020699357409312,0.0065526705267365155,0.013997275163422146
bpr,0.01876566568981295,0.015551203113981005,0.022210047626423954,2347,0.0,0.0,0.0,1940,0.01876566568981295,0.015551203113981005,0.022210047626423954,2347,0.0050816288378462485,0.0013682725608629136,0.008851021632414616,0.0005705380361936188,0.00028792817764732167,0.0009092884136902175,0.006595434974773726,0.0028270189061492244,0.010428972729836332
itemknn,0.0160618370417141,0.01284371793185712,0.019523700051426306,2347,0.0,0.0,0.0,1940,0.016061837041714103,0.01284371793185712,0.019523700051426306,2347,0.0077854574859451,0.0036736010417346395,0.011823890403263353,0.0005705380361936188,0.00028792817764732167,0.0009092884136902175,0.009299263622872577,0.005146783258906069,0.01341978353511176
userknn,0.020601463322636702,0.01694320430341719,0.02462518140772333,2347,0.0,0.0,0.0,1940,0.020601463322636702,0.01694320430341719,0.02462518140772333,2347,0.003245831205022498,-0.0010050110066029945,0.007360311089528831,0.0005705380361936188,0.00028792817764732167,0.0009092884136902175,0.004759637341949974,0.0004725724948130671,0.00895584278054662
content,0.004770819214278505,0.0031188993147458605,0.006642587928867161,2347,0.001762036067601833,0.0005950300807688448,0.0033111250425035517,1940,0.005728739989912031,0.0038799037807217703,0.007795331329269556,2347,0.019076475313380695,0.015576728284902568,0.02271579495379494,-0.0011914980314082146,-0.002781804306301389,1.3354935162606447e-05,0.019632360674674647,0.015967304773705563,0.023462665896337914
recent_pop,0.015540004202993988,0.012911910469346862,0.01831282360973098,2347,0.0,0.0,0.0,1940,0.015540004202993988,0.012911910469346862,0.01831282360973098,2347,0.008307290324665217,0.004792550792507421,0.011961162495481806,0.0005705380361936188,0.00028792817764732167,0.0009092884136902175,0.009821096461592693,0.006252922542967016,0.01357917187800506
popularity,0.01546408227352876,0.01266303860256143,0.018444216619558768,2347,0.0,0.0,0.0,1940,0.01546408227352876,0.01266303860256143,0.018444216619558768,2347,0.00838321225413044,0.004827650266633629,0.012104424392426039,0.0005705380361936188,0.00028792817764732167,0.0009092884136902175,0.009897018391057917,0.0062581912671782,0.013655111870570186
random,0.00026918516916947717,0.00012767551645866772,0.0004422756687589748,2347,0.0002847835774521748,0.00013090357863199933,0.00046962337547732877,1940,0.000617892194741512,0.0003691751687443884,0.0009197212556537255,2347,0.023578109358489724,0.020428827630191573,0.02695366200230948,0.00028575445874144396,-5.2865159503821246e-05,0.0006600995379038652,0.024743208469845165,0.02148309669352683,0.028243960415128264
