timestamp,model,config_id,params,config_hash,git_commit,git_dirty,code_hash,seed,best_epoch,time_s,val_NDCG@10,val_Recall@10,val_HR@10,val_Precision@10,val_NDCG@5,val_NDCG@20,val_NDCG@10_old,val_NDCG@10_new
2026-10-03T18:54:34,popularity,0,{},99f2814d7c9a2914,e29164e988360c5c8cf6923d06a89b17feb890fe,True,b533374e5246d082,42,,4.1,0.007344,0.01237,0.035442,0.003903,0.005371,0.009111,0.008175,0.0
2026-10-03T18:54:39,recent_pop,0,"{""window"": 7}",6bfe505590502e62,e29164e988360c5c8cf6923d06a89b17feb890fe,True,b533374e5246d082,42,,4.2,0.006388,0.008342,0.028264,0.002826,0.005071,0.009024,0.006974,0.0
2026-10-03T18:54:43,recent_pop,1,"{""window"": 14}",724672428b47e61f,e29164e988360c5c8cf6923d06a89b17feb890fe,True,b533374e5246d082,42,,4.1,0.008299,0.012901,0.039928,0.004172,0.006588,0.010707,0.009152,0.0
2026-10-03T18:54:47,recent_pop,2,"{""window"": 28}",1fc95fe103dabd62,e29164e988360c5c8cf6923d06a89b17feb890fe,True,b533374e5246d082,42,,4.2,0.006819,0.01079,0.037236,0.003858,0.005221,0.010159,0.007514,0.0
2026-10-03T18:54:51,recent_pop,3,"{""window"": 56}",709d2b87c3ea2497,e29164e988360c5c8cf6923d06a89b17feb890fe,True,b533374e5246d082,42,,4.5,0.006454,0.010451,0.036339,0.003769,0.003929,0.009212,0.007199,0.0
2026-10-03T18:54:56,recent_pop,4,"{""window"": 91}",7e09422e24f0bcc7,e29164e988360c5c8cf6923d06a89b17feb890fe,True,b533374e5246d082,42,,4.7,0.005359,0.007855,0.028712,0.00323,0.003886,0.008668,0.005968,0.0
2026-10-03T18:55:26,content,0,"{""half_life"": null}",1dafb06c172903a3,e29164e988360c5c8cf6923d06a89b17feb890fe,True,b533374e5246d082,42,,29.4,0.001875,0.003974,0.009421,0.000987,0.000886,0.003186,0.001863,0.000743
2026-10-03T18:55:56,content,1,"{""half_life"": 30}",7c1c481cff0ff95e,e29164e988360c5c8cf6923d06a89b17feb890fe,True,b533374e5246d082,42,,30.1,0.004989,0.007511,0.020188,0.002109,0.004238,0.007272,0.005429,0.001103
2026-10-03T18:56:28,content,2,"{""half_life"": 90}",faba07382352ee19,e29164e988360c5c8cf6923d06a89b17feb890fe,True,b533374e5246d082,42,,32.2,0.003702,0.006019,0.015702,0.00166,0.002797,0.005214,0.003893,0.000498
2026-10-03T18:57:00,content,3,"{""half_life"": 180}",4a164c618e1f4bbc,e29164e988360c5c8cf6923d06a89b17feb890fe,True,b533374e5246d082,42,,32.2,0.002918,0.004778,0.011664,0.001211,0.002291,0.00452,0.00297,0.000743
2026-10-03T18:57:32,content,4,"{""half_life"": 365}",36b71b47ae559f0f,e29164e988360c5c8cf6923d06a89b17feb890fe,True,b533374e5246d082,42,,31.8,0.002222,0.003992,0.010319,0.001077,0.001718,0.003721,0.002221,0.00074
2026-10-03T18:57:40,itemknn,0,"{""k"": 100, ""shrink"": 0.0}",0fe12c0c90f0b9ae,e29164e988360c5c8cf6923d06a89b17feb890fe,True,b533374e5246d082,42,,7.6,0.009636,0.014769,0.040825,0.004262,0.007604,0.011628,0.010929,0.0
2026-10-03T18:57:46,itemknn,1,"{""k"": 50, ""shrink"": 0.0}",a282a61eb7ac99dc,e29164e988360c5c8cf6923d06a89b17feb890fe,True,b533374e5246d082,42,,6.8,0.009199,0.014362,0.036788,0.003903,0.007191,0.011294,0.010544,0.0
2026-10-03T18:57:53,itemknn,2,"{""k"": 50, ""shrink"": 10.0}",c648e5efaa015614,e29164e988360c5c8cf6923d06a89b17feb890fe,True,b533374e5246d082,42,,7.1,0.009782,0.014807,0.039928,0.004307,0.007699,0.012364,0.011066,0.0
2026-10-03T18:58:01,itemknn,3,"{""k"": 100, ""shrink"": 10.0}",bfd46c8e197cc582,e29164e988360c5c8cf6923d06a89b17feb890fe,True,b533374e5246d082,42,,7.4,0.00987,0.014983,0.040377,0.004307,0.00747,0.011991,0.011223,0.0
2026-10-03T18:58:08,itemknn,4,"{""k"": 100, ""shrink"": 50.0}",d97224f4b6b6c96c,e29164e988360c5c8cf6923d06a89b17feb890fe,True,b533374e5246d082,42,,7.2,0.010936,0.015202,0.03948,0.004217,0.009707,0.01353,0.012441,0.0
2026-10-03T18:58:16,itemknn,5,"{""k"": 200, ""shrink"": 0.0}",6a255c14bd3cd838,e29164e988360c5c8cf6923d06a89b17feb890fe,True,b533374e5246d082,42,,7.9,0.009047,0.013752,0.036788,0.003903,0.007488,0.011387,0.010196,0.0
2026-10-03T18:58:22,userknn,0,"{""k"": 100, ""shrink"": 0.0}",e7c9d1ee609095c1,e29164e988360c5c8cf6923d06a89b17feb890fe,True,b533374e5246d082,42,,6.2,0.010503,0.015299,0.038134,0.004262,0.008792,0.012145,0.01192,0.0
2026-10-03T18:58:28,userknn,1,"{""k"": 50, ""shrink"": 0.0}",08b3429b2ac9a2a3,e29164e988360c5c8cf6923d06a89b17feb890fe,True,b533374e5246d082,42,,5.8,0.008403,0.011429,0.029161,0.003365,0.007572,0.010342,0.009531,0.0
2026-10-03T18:58:34,userknn,2,"{""k"": 50, ""shrink"": 10.0}",beecb2428636fc2a,e29164e988360c5c8cf6923d06a89b17feb890fe,True,b533374e5246d082,42,,5.9,0.009356,0.012893,0.034096,0.003724,0.007627,0.010976,0.010612,0.0
2026-10-03T18:58:41,userknn,3,"{""k"": 100, ""shrink"": 10.0}",379c2bdd8b3375d1,e29164e988360c5c8cf6923d06a89b17feb890fe,True,b533374e5246d082,42,,6.6,0.010392,0.014386,0.038582,0.004307,0.008767,0.012628,0.011721,0.0
2026-10-03T18:58:47,userknn,4,"{""k"": 100, ""shrink"": 50.0}",bb795d3580fc2a45,e29164e988360c5c8cf6923d06a89b17feb890fe,True,b533374e5246d082,42,,6.4,0.010599,0.01491,0.039031,0.004262,0.00904,0.012642,0.011954,0.0
2026-10-03T18:58:54,userknn,5,"{""k"": 200, ""shrink"": 0.0}",7c898689ff9ac140,e29164e988360c5c8cf6923d06a89b17feb890fe,True,b533374e5246d082,42,,6.7,0.012156,0.017341,0.044863,0.00498,0.009859,0.01471,0.013624,0.0
2026-10-03T19:02:09,bpr,0,"{""embedding_dim"": 32, ""epochs"": 20, ""lr"": 0.03, ""reg"": 0.005}",b0d5713eaa2d2891,e29164e988360c5c8cf6923d06a89b17feb890fe,True,b533374e5246d082,42,,194.9,0.008048,0.012053,0.036788,0.003948,0.006468,0.010333,0.009064,0.0
2026-10-03T19:16:25,bpr,1,"{""embedding_dim"": 32, ""epochs"": 40, ""lr"": 0.05, ""reg"": 0.005}",55312307968bc6ef,e29164e988360c5c8cf6923d06a89b17feb890fe,True,b533374e5246d082,42,,547.8,0.00608,0.008594,0.023777,0.002467,0.00472,0.007294,0.006693,0.0
2026-10-03T19:27:39,bpr,2,"{""embedding_dim"": 32, ""epochs"": 40, ""lr"": 0.05, ""reg"": 0.01}",ba6f32ce11e8e557,e29164e988360c5c8cf6923d06a89b17feb890fe,True,b533374e5246d082,42,,674.8,0.006306,0.008991,0.024226,0.002512,0.005137,0.007761,0.006957,0.0
2026-10-03T19:39:23,bpr,3,"{""embedding_dim"": 64, ""epochs"": 40, ""lr"": 0.03, ""reg"": 0.005}",dcbbe03d8d671015,e29164e988360c5c8cf6923d06a89b17feb890fe,True,b533374e5246d082,42,,703.6,0.007381,0.013149,0.033199,0.003634,0.004724,0.009651,0.008245,0.0
2026-10-03T19:44:32,bpr,4,"{""embedding_dim"": 64, ""epochs"": 20, ""lr"": 0.05, ""reg"": 0.005}",5eb420943d7c3269,e29164e988360c5c8cf6923d06a89b17feb890fe,True,b533374e5246d082,42,,308.9,0.007705,0.01269,0.036339,0.003769,0.005024,0.010337,0.008639,0.0
2026-10-03T19:50:26,bpr,5,"{""embedding_dim"": 128, ""epochs"": 20, ""lr"": 0.03, ""reg"": 0.001}",6e1b25adc4baeabf,e29164e988360c5c8cf6923d06a89b17feb890fe,True,b533374e5246d082,42,,353.9,0.009339,0.013412,0.038582,0.004307,0.007673,0.011667,0.010638,0.0
2026-10-03T19:59:14,gmf,0,"{""embedding_dim"": 32, ""lr"": 0.001, ""negative_ratio"": 4, ""weight_decay"": 1e-06}",258e78496fbb19f9,e29164e988360c5c8cf6923d06a89b17feb890fe,True,b533374e5246d082,42,8,528.4,0.007914,0.011961,0.033199,0.003634,0.006587,0.009706,0.008672,0.0
2026-10-03T20:02:02,gmf,1,"{""embedding_dim"": 32, ""lr"": 0.001, ""negative_ratio"": 8, ""weight_decay"": 0.0}",2216d93a09659d84,e29164e988360c5c8cf6923d06a89b17feb890fe,True,b533374e5246d082,42,1,167.7,0.00832,0.014378,0.040377,0.004441,0.005893,0.008911,0.00939,0.0
2026-10-03T20:05:50,gmf,2,"{""embedding_dim"": 32, ""lr"": 0.001, ""negative_ratio"": 8, ""weight_decay"": 1e-06}",ea8fe98abf0aa35f,e29164e988360c5c8cf6923d06a89b17feb890fe,True,b533374e5246d082,42,1,228.5,0.008232,0.014278,0.03948,0.004397,0.005855,0.008986,0.009282,0.0
2026-10-03T20:11:18,gmf,3,"{""embedding_dim"": 64, ""lr"": 0.001, ""negative_ratio"": 8, ""weight_decay"": 1e-06}",53233da2f2741906,e29164e988360c5c8cf6923d06a89b17feb890fe,True,b533374e5246d082,42,1,328.0,0.008448,0.014213,0.03948,0.004352,0.005928,0.009371,0.009537,0.0
2026-10-03T20:15:02,gmf,4,"{""embedding_dim"": 32, ""lr"": 0.0005, ""negative_ratio"": 4, ""weight_decay"": 0.0}",3eadce038f4f9cc5,e29164e988360c5c8cf6923d06a89b17feb890fe,True,b533374e5246d082,42,5,223.5,0.007943,0.012435,0.035442,0.003993,0.0054,0.009664,0.008835,0.0
2026-10-03T20:19:55,gmf,5,"{""embedding_dim"": 64, ""lr"": 0.0005, ""negative_ratio"": 4, ""weight_decay"": 0.0}",381bdac963fb294c,e29164e988360c5c8cf6923d06a89b17feb890fe,True,b533374e5246d082,42,5,293.3,0.007177,0.01191,0.033647,0.003769,0.005124,0.009633,0.008044,0.0
2026-10-03T20:26:33,mlp,0,"{""dropout"": 0.2, ""embedding_dim"": 32, ""lr"": 0.001, ""negative_ratio"": 4, ""weight_decay"": 1e-06}",795004959c0b504e,e29164e988360c5c8cf6923d06a89b17feb890fe,True,b533374e5246d082,42,5,397.7,0.007645,0.013022,0.034545,0.004083,0.004852,0.009586,0.008497,0.0
2026-10-03T20:31:53,mlp,1,"{""dropout"": 0.2, ""embedding_dim"": 32, ""lr"": 0.001, ""negative_ratio"": 8, ""weight_decay"": 0.0}",e75ee63f245269f4,e29164e988360c5c8cf6923d06a89b17feb890fe,True,b533374e5246d082,42,2,319.9,0.007639,0.013148,0.038582,0.004262,0.004944,0.008802,0.008605,0.0
2026-10-03T20:37:51,mlp,2,"{""dropout"": 0.0, ""embedding_dim"": 32, ""lr"": 0.001, ""negative_ratio"": 8, ""weight_decay"": 1e-06}",95194f8d4f90915d,e29164e988360c5c8cf6923d06a89b17feb890fe,True,b533374e5246d082,42,2,357.8,0.007949,0.013105,0.038134,0.004262,0.005103,0.009603,0.008915,0.0
2026-10-03T20:51:03,mlp,3,"{""dropout"": 0.2, ""embedding_dim"": 64, ""lr"": 0.001, ""negative_ratio"": 8, ""weight_decay"": 1e-06}",c85b3f2738630588,e29164e988360c5c8cf6923d06a89b17feb890fe,True,b533374e5246d082,42,3,792.5,0.007275,0.011913,0.033647,0.003634,0.005584,0.008956,0.008094,0.0
2026-10-03T20:58:56,mlp,4,"{""dropout"": 0.0, ""embedding_dim"": 32, ""lr"": 0.0005, ""negative_ratio"": 4, ""weight_decay"": 1e-06}",2223c19301b2e75c,e29164e988360c5c8cf6923d06a89b17feb890fe,True,b533374e5246d082,42,5,472.7,0.007969,0.013073,0.036339,0.004172,0.005304,0.009491,0.008928,0.0
2026-10-03T21:12:26,mlp,5,"{""dropout"": 0.2, ""embedding_dim"": 64, ""lr"": 0.0005, ""negative_ratio"": 4, ""weight_decay"": 1e-06}",3151d73dec7e81c9,e29164e988360c5c8cf6923d06a89b17feb890fe,True,b533374e5246d082,42,8,810.1,0.007566,0.01187,0.036339,0.004038,0.005668,0.009316,0.008471,0.0
2026-10-03T21:19:47,neumf,0,"{""dropout"": 0.2, ""embedding_dim"": 32, ""lr"": 0.001, ""negative_ratio"": 4, ""weight_decay"": 1e-06}",5b65e8899b0355fd,e29164e988360c5c8cf6923d06a89b17feb890fe,True,b533374e5246d082,42,2,441.1,0.008344,0.011181,0.034545,0.003813,0.007272,0.010757,0.009272,0.0
2026-10-03T21:27:54,neumf,1,"{""dropout"": 0.2, ""embedding_dim"": 32, ""lr"": 0.001, ""negative_ratio"": 8, ""weight_decay"": 0.0}",d26f71c5df20afa6,e29164e988360c5c8cf6923d06a89b17feb890fe,True,b533374e5246d082,42,2,487.3,0.007648,0.011348,0.03275,0.003589,0.006309,0.009967,0.008623,0.0
2026-10-03T21:45:16,neumf,2,"{""dropout"": 0.0, ""embedding_dim"": 32, ""lr"": 0.001, ""negative_ratio"": 8, ""weight_decay"": 1e-06}",3093f183463e6ff2,e29164e988360c5c8cf6923d06a89b17feb890fe,True,b533374e5246d082,42,7,1041.3,0.009337,0.013404,0.035442,0.003903,0.007696,0.01109,0.010534,0.0
2026-10-03T22:46:28,neumf,3,"{""dropout"": 0.2, ""embedding_dim"": 64, ""lr"": 0.001, ""negative_ratio"": 8, ""weight_decay"": 1e-06}",307f20d889dec37e,14e1a12080ed4d379dd90387743b8606e9754501,True,b533374e5246d082,42,2,233.8,0.008048,0.013307,0.037236,0.004038,0.005342,0.009834,0.008989,0.0
2026-10-03T22:50:06,neumf,4,"{""dropout"": 0.0, ""embedding_dim"": 32, ""lr"": 0.0005, ""negative_ratio"": 4, ""weight_decay"": 1e-06}",3539d012ec0d415a,14e1a12080ed4d379dd90387743b8606e9754501,True,b533374e5246d082,42,5,217.5,0.011084,0.015694,0.041723,0.004621,0.009182,0.013223,0.012275,0.0
2026-10-03T22:54:05,neumf,5,"{""dropout"": 0.2, ""embedding_dim"": 64, ""lr"": 0.0005, ""negative_ratio"": 4, ""weight_decay"": 1e-06}",38ddf99cf52ba761,14e1a12080ed4d379dd90387743b8606e9754501,True,b533374e5246d082,42,5,239.3,0.010242,0.01535,0.041274,0.004486,0.008342,0.012678,0.011422,0.0
2026-10-03T22:59:42,gmf_f,0,"{""embedding_dim"": 32, ""id_dropout"": 0.25, ""lr"": 0.001, ""negative_ratio"": 4, ""weight_decay"": 1e-06}",49155e7eadf3faff,14e1a12080ed4d379dd90387743b8606e9754501,True,b533374e5246d082,42,8,336.4,0.013556,0.023249,0.061463,0.006864,0.008467,0.018202,0.014656,0.001613
2026-10-03T23:07:45,gmf_f,1,"{""embedding_dim"": 32, ""id_dropout"": 0.25, ""lr"": 0.001, ""negative_ratio"": 8, ""weight_decay"": 0.0}",21da54c36fe5f38b,14e1a12080ed4d379dd90387743b8606e9754501,True,b533374e5246d082,42,7,483.5,0.014881,0.023317,0.065052,0.007088,0.010879,0.019913,0.016153,0.00198
2026-10-03T23:16:21,gmf_f,2,"{""embedding_dim"": 32, ""id_dropout"": 0.0, ""lr"": 0.001, ""negative_ratio"": 8, ""weight_decay"": 1e-06}",19c2bab5c59e1bf9,14e1a12080ed4d379dd90387743b8606e9754501,True,b533374e5246d082,42,7,516.2,0.0157,0.024401,0.066397,0.007402,0.011389,0.020401,0.016895,0.001304
2026-10-03T23:25:00,gmf_f,3,"{""embedding_dim"": 32, ""id_dropout"": 0.0, ""lr"": 0.0005, ""negative_ratio"": 4, ""weight_decay"": 0.0}",8e7b8ae4350c0584,14e1a12080ed4d379dd90387743b8606e9754501,True,b533374e5246d082,42,20,518.2,0.013383,0.022176,0.062808,0.006954,0.008342,0.018351,0.01425,0.001767
2026-10-03T23:33:35,gmf_f,4,"{""embedding_dim"": 32, ""id_dropout"": 0.5, ""lr"": 0.0005, ""negative_ratio"": 4, ""weight_decay"": 1e-06}",0a84f9d270e7f7dd,14e1a12080ed4d379dd90387743b8606e9754501,True,b533374e5246d082,42,19,515.0,0.012672,0.020675,0.056976,0.006191,0.009205,0.016846,0.013314,0.002528
2026-10-03T23:41:58,gmf_f,5,"{""embedding_dim"": 32, ""id_dropout"": 0.25, ""lr"": 0.0005, ""negative_ratio"": 8, ""weight_decay"": 0.0}",b8628be2abfdd2b0,14e1a12080ed4d379dd90387743b8606e9754501,True,b533374e5246d082,42,7,503.9,0.013832,0.020707,0.06236,0.007044,0.010862,0.018997,0.014966,0.000683
2026-10-03T23:49:41,mlp_f,0,"{""dropout"": 0.2, ""embedding_dim"": 32, ""id_dropout"": 0.25, ""lr"": 0.001, ""negative_ratio"": 4, ""weight_decay"": 1e-06}",db5b873eb7464f99,14e1a12080ed4d379dd90387743b8606e9754501,True,b533374e5246d082,42,9,462.6,0.009577,0.014282,0.044863,0.0048,0.007469,0.014006,0.010491,0.0
2026-10-03T23:56:26,mlp_f,1,"{""dropout"": 0.0, ""embedding_dim"": 32, ""id_dropout"": 0.5, ""lr"": 0.001, ""negative_ratio"": 8, ""weight_decay"": 0.0}",066f69c4a88d0519,14e1a12080ed4d379dd90387743b8606e9754501,True,b533374e5246d082,42,3,404.6,0.009905,0.014027,0.044415,0.0048,0.007066,0.012936,0.010846,0.000218
2026-10-04T00:07:16,mlp_f,2,"{""dropout"": 0.0, ""embedding_dim"": 32, ""id_dropout"": 0.0, ""lr"": 0.001, ""negative_ratio"": 8, ""weight_decay"": 1e-06}",90f4ce8d10664a6f,14e1a12080ed4d379dd90387743b8606e9754501,True,b533374e5246d082,42,8,650.5,0.010092,0.015156,0.048004,0.005159,0.007312,0.013381,0.01115,0.000712
2026-10-04T00:15:25,mlp_f,3,"{""dropout"": 0.0, ""embedding_dim"": 32, ""id_dropout"": 0.0, ""lr"": 0.0005, ""negative_ratio"": 4, ""weight_decay"": 0.0}",17467d8e09df8934,14e1a12080ed4d379dd90387743b8606e9754501,True,b533374e5246d082,42,11,488.6,0.011318,0.017335,0.052939,0.005653,0.00832,0.015113,0.012705,0.001083
2026-10-04T00:26:02,mlp_f,4,"{""dropout"": 0.2, ""embedding_dim"": 32, ""id_dropout"": 0.5, ""lr"": 0.0005, ""negative_ratio"": 4, ""weight_decay"": 1e-06}",3963aba1cbc49b8e,14e1a12080ed4d379dd90387743b8606e9754501,True,b533374e5246d082,42,20,637.2,0.011356,0.016392,0.050247,0.005249,0.008978,0.014835,0.012656,0.0
2026-10-04T00:38:17,mlp_f,5,"{""dropout"": 0.0, ""embedding_dim"": 32, ""id_dropout"": 0.0, ""lr"": 0.0005, ""negative_ratio"": 8, ""weight_decay"": 1e-06}",375a3abdebdd6511,14e1a12080ed4d379dd90387743b8606e9754501,True,b533374e5246d082,42,10,735.6,0.011223,0.015248,0.050695,0.005384,0.009133,0.014809,0.012446,0.0
2026-10-04T00:47:38,neumf_f,0,"{""dropout"": 0.2, ""embedding_dim"": 32, ""id_dropout"": 0.25, ""lr"": 0.001, ""negative_ratio"": 4, ""weight_decay"": 1e-06}",2da93f717c94aaa1,14e1a12080ed4d379dd90387743b8606e9754501,True,b533374e5246d082,42,12,560.8,0.014582,0.02252,0.060117,0.006371,0.010791,0.019683,0.015998,0.0
2026-10-04T00:53:45,neumf_f,1,"{""dropout"": 0.0, ""embedding_dim"": 32, ""id_dropout"": 0.5, ""lr"": 0.001, ""negative_ratio"": 8, ""weight_decay"": 0.0}",33bf0c1882018278,14e1a12080ed4d379dd90387743b8606e9754501,True,b533374e5246d082,42,2,367.1,0.015473,0.02587,0.066846,0.007044,0.010575,0.020632,0.017153,0.0
2026-10-04T01:00:37,neumf_f,2,"{""dropout"": 0.0, ""embedding_dim"": 32, ""id_dropout"": 0.0, ""lr"": 0.001, ""negative_ratio"": 8, ""weight_decay"": 1e-06}",b9d53b9679de79eb,14e1a12080ed4d379dd90387743b8606e9754501,True,b533374e5246d082,42,3,411.8,0.015726,0.024847,0.066397,0.007358,0.011022,0.021487,0.017635,0.0
2026-10-04T01:10:02,neumf_f,3,"{""dropout"": 0.0, ""embedding_dim"": 32, ""id_dropout"": 0.0, ""lr"": 0.0005, ""negative_ratio"": 4, ""weight_decay"": 0.0}",3bf8f635894bbd65,14e1a12080ed4d379dd90387743b8606e9754501,True,b533374e5246d082,42,13,564.5,0.015511,0.023863,0.06236,0.006685,0.012032,0.020572,0.017475,0.000313
2026-10-04T01:17:45,neumf_f,4,"{""dropout"": 0.2, ""embedding_dim"": 32, ""id_dropout"": 0.5, ""lr"": 0.0005, ""negative_ratio"": 4, ""weight_decay"": 1e-06}",c1d7b9a3ce5edd30,14e1a12080ed4d379dd90387743b8606e9754501,True,b533374e5246d082,42,9,463.3,0.013749,0.022483,0.056976,0.006281,0.010055,0.018962,0.015028,0.000532
2026-10-04T01:25:57,neumf_f,5,"{""dropout"": 0.0, ""embedding_dim"": 32, ""id_dropout"": 0.0, ""lr"": 0.0005, ""negative_ratio"": 8, ""weight_decay"": 1e-06}",95519e944d48bcb5,14e1a12080ed4d379dd90387743b8606e9754501,True,b533374e5246d082,42,5,492.0,0.016865,0.025736,0.066846,0.007402,0.012802,0.0219,0.018688,0.000342
2026-10-04T01:26:06,late_f,0,"{""w"": 0.0}",a0b29eef84f01cf4,14e1a12080ed4d379dd90387743b8606e9754501,True,b533374e5246d082,42,,9.2,0.011356,0.016392,0.050247,0.005249,0.008978,0.014835,0.012656,0.0
2026-10-04T01:26:15,late_f,1,"{""w"": 0.1}",e61b7a1633523de2,14e1a12080ed4d379dd90387743b8606e9754501,True,b533374e5246d082,42,,8.9,0.014384,0.021679,0.062808,0.006774,0.011376,0.020553,0.015952,0.0
2026-10-04T01:26:24,late_f,2,"{""w"": 0.2}",f310bb5c80ba6b19,14e1a12080ed4d379dd90387743b8606e9754501,True,b533374e5246d082,42,,9.0,0.015536,0.023676,0.067295,0.007313,0.011897,0.021958,0.016962,0.000761
2026-10-04T01:26:33,late_f,3,"{""w"": 0.3}",8232dbbe434a2c5c,14e1a12080ed4d379dd90387743b8606e9754501,True,b533374e5246d082,42,,8.9,0.016316,0.02621,0.071332,0.007716,0.01149,0.021908,0.017658,0.000761
2026-10-04T01:26:42,late_f,4,"{""w"": 0.4}",6c9907dc674ba962,14e1a12080ed4d379dd90387743b8606e9754501,True,b533374e5246d082,42,,9.1,0.016108,0.024881,0.067743,0.007402,0.012399,0.021989,0.017411,0.000761
2026-10-04T01:26:51,late_f,5,"{""w"": 0.5}",4da33a514b372d33,14e1a12080ed4d379dd90387743b8606e9754501,True,b533374e5246d082,42,,8.9,0.01603,0.024656,0.069089,0.007492,0.011843,0.0216,0.017316,0.000883
2026-10-04T01:27:00,late_f,6,"{""w"": 0.6}",334bf488830a0883,14e1a12080ed4d379dd90387743b8606e9754501,True,b533374e5246d082,42,,8.8,0.015761,0.024444,0.068192,0.007447,0.011459,0.02102,0.016992,0.001115
2026-10-04T01:27:09,late_f,7,"{""w"": 0.7}",d31f28526a91cb4e,14e1a12080ed4d379dd90387743b8606e9754501,True,b533374e5246d082,42,,9.0,0.01566,0.024399,0.069089,0.007492,0.011493,0.020902,0.016834,0.001288
2026-10-04T01:27:18,late_f,8,"{""w"": 0.8}",92e39602971f2a21,14e1a12080ed4d379dd90387743b8606e9754501,True,b533374e5246d082,42,,9.1,0.015855,0.024767,0.067743,0.007627,0.011638,0.020765,0.017049,0.001295
2026-10-04T01:27:27,late_f,9,"{""w"": 0.9}",0e7ec843f035c143,14e1a12080ed4d379dd90387743b8606e9754501,True,b533374e5246d082,42,,9.1,0.015708,0.024415,0.066397,0.007447,0.011563,0.020763,0.016893,0.001295
2026-10-04T01:27:36,late_f,10,"{""w"": 1.0}",fdb240337c7b3038,14e1a12080ed4d379dd90387743b8606e9754501,True,b533374e5246d082,42,,9.1,0.0157,0.024401,0.066397,0.007402,0.011389,0.020401,0.016895,0.001304
