model,seed,n_cases,HR@10,NDCG@10
MostPopular,2024,9229,0.2612417379997833,0.15307010325413645
BPR-MF,2024,9229,0.257340990356485,0.15104044173743175
GMF,2024,9229,0.2623252790118106,0.15177821733470137
MLP,2024,9229,0.2565825116480659,0.14686989348379578
NeuMF-Scratch,2024,9229,0.25549897063603855,0.1400514204382368
NeuMF-Pretrained,2024,9229,0.2622169249106079,0.15331957025371906
MostPopular,2025,9229,0.2612417379997833,0.15307010325413645
BPR-MF,2025,9229,0.26395059052985154,0.15318310465136392
GMF,2025,9229,0.2678513381731499,0.1530195894679277
MLP,2025,9229,0.25831617726730954,0.14836933097796792
NeuMF-Scratch,2025,9229,0.26026655108895874,0.1472491504041898
NeuMF-Pretrained,2025,9229,0.26611767255390617,0.15454111173854176
MostPopular,42,9229,0.2612417379997833,0.15307010325413645
BPR-MF,42,9229,0.2654675479466898,0.15383184238767575
GMF,42,9229,0.24704735074222559,0.13972216653704814
MLP,42,9229,0.262975403619027,0.15203924375637565
NeuMF-Scratch,42,9229,0.2704518366020154,0.15223562777651303
NeuMF-Pretrained,42,9229,0.25257340990356486,0.14349552124043802
