model,seed,subset,n_users,NDCG@10,Recall@10,HR@10,Precision@10
MostPopular,2024,all,2996,0.009174575774414627,0.012971545256012781,0.043391188251001335,0.004706275033377837
MostPopular,2024,cold,555,0.010533328824822703,0.01353045353045353,0.05405405405405406,0.005765765765765766
MostPopular,2024,warm,2441,0.008865641754350524,0.012844468610246858,0.04096681687832855,0.004465383039737814
MostPopular,2024,head,1521,0.02761632479691431,0.04928383582229736,0.08547008547008547,0.009270216962524655
MostPopular,2024,tail,2652,0.0,0.0,0.0,0.0
BPR-MF,2024,all,2996,0.010530225247932736,0.015511128966324127,0.04773030707610147,0.00527369826435247
BPR-MF,2024,cold,555,0.009665264860687653,0.013123728123728124,0.043243243243243246,0.005045045045045045
BPR-MF,2024,warm,2441,0.010726887687474325,0.01605394234921671,0.04875051208521098,0.005325686194182712
BPR-MF,2024,head,1521,0.03104664510658843,0.05633981403212172,0.09204470742932282,0.010190664036817882
BPR-MF,2024,tail,2652,0.0002186390291320692,0.0002765208647561589,0.0011312217194570137,0.00011312217194570138
GMF,2024,all,2996,0.009900894469036485,0.014493991342043646,0.04506008010680908,0.005006675567423231
GMF,2024,cold,555,0.009418601425916717,0.01262955262955263,0.05045045045045045,0.005405405405405406
GMF,2024,warm,2441,0.01001055142886093,0.014917901004244595,0.04383449405981155,0.004916018025399427
GMF,2024,head,1521,0.029716816957262554,0.05404965404965405,0.08875739644970414,0.009861932938856018
GMF,2024,tail,2652,0.0,0.0,0.0,0.0
MLP,2024,all,2996,0.007932782602648812,0.012424950675131103,0.038050734312416554,0.004072096128170894
MLP,2024,cold,555,0.007690249255566098,0.011253176253176253,0.04144144144144144,0.0045045045045045045
MLP,2024,warm,2441,0.007987926399302195,0.012691372143457587,0.03727980335927898,0.00397378123719787
MLP,2024,head,1521,0.022867988550375817,0.0449884161422623,0.07495069033530571,0.008021038790269561
MLP,2024,tail,2652,0.0,0.0,0.0,0.0
NeuMF-Scratch,2024,all,2996,0.008961728929601075,0.012375795513508543,0.03638184245660881,0.004005340453938585
NeuMF-Scratch,2024,cold,555,0.0070833573156153075,0.009046794046794048,0.02882882882882883,0.0036036036036036037
NeuMF-Scratch,2024,warm,2441,0.009388806457565884,0.013132696707292458,0.03809913969684556,0.004096681687832855
NeuMF-Scratch,2024,head,1521,0.02486305465586379,0.043020725713033406,0.06903353057199212,0.007560815253122946
NeuMF-Scratch,2024,tail,2652,0.0006297395552826064,0.000820584644114056,0.001885369532428356,0.0001885369532428356
NeuMF-Pretrained,2024,all,2996,0.010119955553725786,0.014648496290440452,0.048397863818424564,0.005307076101468625
NeuMF-Pretrained,2024,cold,555,0.010381255955506185,0.013759253759253758,0.055855855855855854,0.005945945945945947
NeuMF-Pretrained,2024,warm,2441,0.010060544770035445,0.014850679659882734,0.046702171241294554,0.005161818926669399
NeuMF-Pretrained,2024,head,1521,0.031013109191383347,0.056248238940546626,0.09533201840894148,0.010453648915187378
NeuMF-Pretrained,2024,tail,2652,0.0,0.0,0.0,0.0
MostPopular,2025,all,2996,0.009174575774414627,0.012971545256012781,0.043391188251001335,0.004706275033377837
MostPopular,2025,cold,555,0.010533328824822703,0.01353045353045353,0.05405405405405406,0.005765765765765766
MostPopular,2025,warm,2441,0.008865641754350524,0.012844468610246858,0.04096681687832855,0.004465383039737814
MostPopular,2025,head,1521,0.02761632479691431,0.04928383582229736,0.08547008547008547,0.009270216962524655
MostPopular,2025,tail,2652,0.0,0.0,0.0,0.0
BPR-MF,2025,all,2996,0.010078675660894465,0.015756675358202885,0.04706275033377837,0.005307076101468625
BPR-MF,2025,cold,555,0.010248216329926079,0.013902363902363903,0.04684684684684685,0.005585585585585586
BPR-MF,2025,warm,2441,0.01004012790533832,0.016178282428252304,0.047111839410077835,0.005243752560426055
BPR-MF,2025,head,1521,0.029553114062113237,0.056274850505619735,0.09138724523339908,0.010322156476002629
BPR-MF,2025,tail,2652,0.00011510176046559473,0.00025138260432378077,0.0007541478129713424,7.541478129713424e-05
GMF,2025,all,2996,0.009365004705248335,0.013031571363268527,0.043391188251001335,0.004773030707610147
GMF,2025,cold,555,0.01024033338017533,0.011471966471966473,0.043243243243243246,0.0045045045045045045
GMF,2025,warm,2441,0.009165984871334168,0.013386172229582594,0.043424825891028265,0.00483408439164277
GMF,2025,head,1521,0.028089299197797925,0.050828871982718134,0.08547008547008547,0.009401709401709403
GMF,2025,tail,2652,0.0,0.0,0.0,0.0
MLP,2025,all,2996,0.00993716815041374,0.014218731166082535,0.042723631508678236,0.004773030707610147
MLP,2025,cold,555,0.01030937814006337,0.013850773850773851,0.05225225225225225,0.005765765765765766
MLP,2025,warm,2441,0.00985254031581499,0.014302392087834409,0.04055714870954527,0.004547316673494469
MLP,2025,head,1521,0.029557586548673603,0.05193560001252309,0.084155161078238,0.009401709401709403
MLP,2025,tail,2652,0.0,0.0,0.0,0.0
NeuMF-Scratch,2025,all,2996,0.009313983904075932,0.01374349314372286,0.04205607476635514,0.004606141522029373
NeuMF-Scratch,2025,cold,555,0.008129777640023973,0.012533742533742533,0.04504504504504504,0.005225225225225226
NeuMF-Scratch,2025,warm,2441,0.009583231948544935,0.014018549099699544,0.04137648504711184,0.004465383039737813
NeuMF-Scratch,2025,head,1521,0.0281281422406204,0.049721361259822794,0.08218277449046679,0.00900723208415516
NeuMF-Scratch,2025,tail,2652,4.643710194960973e-05,9.42684766214178e-05,0.0003770739064856712,3.770739064856712e-05
NeuMF-Pretrained,2025,all,2996,0.009943477204664243,0.013608240744176893,0.04439252336448598,0.005006675567423231
NeuMF-Pretrained,2025,cold,555,0.011099394246947078,0.014025949025949025,0.05405405405405406,0.005765765765765766
NeuMF-Pretrained,2025,warm,2441,0.009680661162686783,0.013513268152458936,0.04219582138467841,0.004834084391642769
NeuMF-Pretrained,2025,head,1521,0.02974401187370187,0.052351992736608115,0.08744247205785667,0.009861932938856016
NeuMF-Pretrained,2025,tail,2652,0.0,0.0,0.0,0.0
MostPopular,42,all,2996,0.009174575774414627,0.012971545256012781,0.043391188251001335,0.004706275033377837
MostPopular,42,cold,555,0.010533328824822703,0.01353045353045353,0.05405405405405406,0.005765765765765766
MostPopular,42,warm,2441,0.008865641754350524,0.012844468610246858,0.04096681687832855,0.004465383039737814
MostPopular,42,head,1521,0.02761632479691431,0.04928383582229736,0.08547008547008547,0.009270216962524655
MostPopular,42,tail,2652,0.0,0.0,0.0,0.0
BPR-MF,42,all,2996,0.00961517154952074,0.014526133462411243,0.04472630173564753,0.005006675567423231
BPR-MF,42,cold,555,0.008803429998085732,0.01127974127974128,0.04684684684684685,0.005405405405405406
BPR-MF,42,warm,2441,0.009799733844091175,0.015264252127459105,0.04424416222859484,0.004916018025399427
BPR-MF,42,head,1521,0.029358085254708646,0.054872264487649106,0.08744247205785667,0.009796186719263644
BPR-MF,42,tail,2652,4.149543105167424e-05,1.639451767329005e-05,0.0003770739064856712,3.770739064856712e-05
GMF,42,all,2996,0.007937878933951929,0.011628361804822577,0.03437917222963952,0.003671562082777036
GMF,42,cold,555,0.007863493314571068,0.009332794332794332,0.03783783783783784,0.004144144144144144
GMF,42,warm,2441,0.007954791682315868,0.012150295416856855,0.03359278984022941,0.0035641130684145837
GMF,42,head,1521,0.024230748024562817,0.041881124573432266,0.06771860618014464,0.007232084155161078
GMF,42,tail,2652,0.0,0.0,0.0,0.0
MLP,42,all,2996,0.010069489769130536,0.015335610040805202,0.048397863818424564,0.0053404539385847796
MLP,42,cold,555,0.010723262313818902,0.01428120428120428,0.05405405405405406,0.005945945945945946
MLP,42,warm,2441,0.00992084422947382,0.015575345885368293,0.047111839410077835,0.0052027857435477266
MLP,42,head,1521,0.030267183672434778,0.05775961929808083,0.09533201840894148,0.01051939513477975
MLP,42,tail,2652,0.0,0.0,0.0,0.0
NeuMF-Scratch,42,all,2996,0.009037519107720618,0.01361301957754767,0.04172229639519359,0.004472630173564754
NeuMF-Scratch,42,cold,555,0.008963105560114124,0.011860926860926862,0.04144144144144144,0.0045045045045045045
NeuMF-Scratch,42,warm,2441,0.009054438206008862,0.01401138559873757,0.04178615321589513,0.004465383039737813
NeuMF-Scratch,42,head,1521,0.02795798682438663,0.05226354841739456,0.08218277449046679,0.00880999342537804
NeuMF-Scratch,42,tail,2652,0.0,0.0,0.0,0.0
NeuMF-Pretrained,42,all,2996,0.008636821049022974,0.012684286391287884,0.03771695594125501,0.00403871829105474
NeuMF-Pretrained,42,cold,555,0.009171619533417922,0.011221716221716221,0.04144144144144144,0.004684684684684685
NeuMF-Pretrained,42,warm,2441,0.008515226145770539,0.013016824877200326,0.0368701351904957,0.0038918476034412127
NeuMF-Pretrained,42,head,1521,0.026014394551960425,0.046083403775711476,0.07297830374753451,0.007823800131492439
NeuMF-Pretrained,42,tail,2652,0.00031411655357164596,0.0005027652086475615,0.0007541478129713424,7.541478129713424e-05
