model,phase,epoch,loss,NDCG@10,epoch_time_s
gmf,select,1,0.40253170014341755,0.009813410564193287,12.791989700002887
gmf,select,2,0.33648059906262767,0.007593825975888846,13.13343960000202
gmf,select,3,0.3298347948250325,0.007769445429264472,13.105479999998352
gmf,select,4,0.3198715950211604,0.007477054350990095,12.974196600000141
gmf,select,5,0.3080610077102006,0.008278636146018543,13.011109999999462
gmf,select,6,0.29118769969851593,0.008162038573646913,13.066645300001255
gmf,refit,1,0.40108376859564543,,13.412720399996033
mlp,select,1,0.490346797870476,0.008716844007941689,12.710220499997376
mlp,select,2,0.47221247442145764,0.009746057082708528,12.49028520000138
mlp,select,3,0.46799699155388363,0.009945740541536182,12.561994100004085
mlp,select,4,0.46198535193303586,0.009549901359282058,12.393460699997377
mlp,select,5,0.4551102902953792,0.00728334922589766,12.390656700001273
mlp,select,6,0.4472172759678966,0.007992063923629448,12.430609499999264
mlp,select,7,0.4391734086910377,0.008567294701366692,12.579143199996906
mlp,select,8,0.43129515353661435,0.008693516281455583,12.009064300000318
mlp,refit,1,0.4902593979814704,,12.86852170000202
mlp,refit,2,0.4726921387123866,,12.867884000006597
mlp,refit,3,0.4688782959686902,,13.13893690000259
neumf,select,1,0.4900835012174716,0.006249161510989157,13.970912299999327
neumf,select,2,0.4731917818197526,0.007511545374939073,14.007538400001067
neumf,select,3,0.4601729979971918,0.007611848904111953,13.941813299999922
neumf,select,4,0.4326276238335419,0.00854548136917638,14.136128400001326
neumf,select,5,0.40281176513294253,0.009001107281545432,13.810724299997673
neumf,select,6,0.37246800864198404,0.008140211085525054,14.025510199993732
neumf,select,7,0.3427055451204316,0.0082259625588128,13.627544100003433
neumf,select,8,0.31560807143616826,0.008214422550174037,14.01307960000122
neumf,select,9,0.29150480413196445,0.00863378116741418,14.10337179999624
neumf,select,10,0.27045521495227093,0.007219922545161624,13.804527699998289
neumf,refit,1,0.4900817725294914,,14.632975099993928
neumf,refit,2,0.47340270078280133,,14.408359399996698
neumf,refit,3,0.45930238083402725,,14.43654900000547
neumf,refit,4,0.43022033794031495,,14.208979700000782
neumf,refit,5,0.398706499525409,,14.40238159999717
gmf_f,select,1,0.2871707920495896,0.007588295365704724,23.460984800003644
gmf_f,select,2,0.26242237294433884,0.008677677668520317,23.578873399994336
gmf_f,select,3,0.24344207625479095,0.010922786411715568,23.634200699998473
gmf_f,select,4,0.22659186038497064,0.012260594329825916,23.487630499999796
gmf_f,select,5,0.21306642242252774,0.012911628274240788,23.635773499998322
gmf_f,select,6,0.20163192900364044,0.013175515416787019,23.60434350000287
gmf_f,select,7,0.19139584572889642,0.013508462618409317,23.54562600000645
gmf_f,select,8,0.18199280634263174,0.013239166424746623,23.428587499998685
gmf_f,select,9,0.17305531045594985,0.014046780477251945,23.31191899999976
gmf_f,select,10,0.1659457314000373,0.01273134609828926,23.40413680000347
gmf_f,select,11,0.1595567533006467,0.01403947366939257,23.40893320000032
gmf_f,select,12,0.15300273757281818,0.012655724631457402,23.342058700000052
gmf_f,select,13,0.14806775229100597,0.011620310154744698,23.688470599998254
gmf_f,select,14,0.1436293257004355,0.012356570098272714,23.459886999997252
gmf_f,refit,1,0.2851547406560274,,24.349588199998834
gmf_f,refit,2,0.260204389109077,,24.253204100001312
gmf_f,refit,3,0.24165437939213943,,24.152772800000093
gmf_f,refit,4,0.22506946171870315,,24.242539400001988
gmf_f,refit,5,0.21168387699096597,,24.116050299999188
gmf_f,refit,6,0.20045182218958973,,24.203943900000013
gmf_f,refit,7,0.19061781990905524,,24.244149000005564
gmf_f,refit,8,0.18221960555500666,,24.16322560000117
gmf_f,refit,9,0.17359258174998246,,24.1837452999971
mlp_f,select,1,0.41882575831658775,0.007011562673886595,15.938231699998141
mlp_f,select,2,0.3876632285757176,0.004476943174868962,15.785926700002165
mlp_f,select,3,0.37807404605825995,0.004831583320310541,15.842164699999557
mlp_f,select,4,0.3698027481793598,0.006156679735085538,15.922222799999872
mlp_f,select,5,0.3637330812854878,0.006628555423504129,16.203748599997198
mlp_f,select,6,0.35811983876230863,0.006904020218366018,16.159326499997405
mlp_f,refit,1,0.41564131223690337,,16.30630179999571
neumf_f,select,1,0.2866261559306468,0.007086704753277138,30.1293388999984
neumf_f,select,2,0.26334527800635793,0.008672346121325173,30.044946999994863
neumf_f,select,3,0.24545419083886777,0.01090137678938468,30.157164800002647
neumf_f,select,4,0.23054526249714144,0.013571363865515381,30.089611600000353
neumf_f,select,5,0.2184588960035471,0.013738561981897712,30.32270840000274
neumf_f,select,6,0.20811834559174142,0.014269709045475216,30.35025029999815
neumf_f,select,7,0.19890031214573853,0.013803449173270244,30.393627400000696
neumf_f,select,8,0.1900939752625983,0.01357529230436678,30.1022665000055
neumf_f,select,9,0.18130395426770574,0.013273618305572275,30.190526599995792
neumf_f,select,10,0.17402079642100238,0.012350806693622384,30.26887369999895
neumf_f,select,11,0.167057756970622,0.012820796762270588,30.11832229999709
neumf_f,refit,1,0.2849623511263254,,31.389111699994828
neumf_f,refit,2,0.2616152387607526,,31.183788000002096
neumf_f,refit,3,0.24397588526342368,,31.148325100002694
neumf_f,refit,4,0.2289360605235516,,31.11827539999649
neumf_f,refit,5,0.21732053680465485,,31.072482800002035
neumf_f,refit,6,0.20725445721364333,,31.17546620000212
neumf_f-text,select,1,0.28735518710376307,0.007786611891788734,29.938436899996304
neumf_f-text,select,2,0.2700881940386563,0.005969877840062063,29.781444200001715
neumf_f-text,select,3,0.2573977969312204,0.007149398443106616,30.107212500006426
neumf_f-text,select,4,0.24521538196007997,0.008977845424173476,29.844425799994497
neumf_f-text,select,5,0.23537455577391223,0.012110543345181697,30.039065999997547
neumf_f-text,select,6,0.22557029520488003,0.013711352436643849,30.12705999999889
neumf_f-text,select,7,0.21590746901391072,0.014053599007731647,30.081994399995892
neumf_f-text,select,8,0.20687511762364078,0.012407650205912432,29.912230699999782
neumf_f-text,select,9,0.19754588066547257,0.013783443547158226,29.870695700003125
neumf_f-text,select,10,0.189471551050429,0.01218165354932827,30.04264730000432
neumf_f-text,select,11,0.18183686705737365,0.011896851396574953,29.95711609999853
neumf_f-text,select,12,0.1742404653360906,0.012218266807771168,29.946123900001112
neumf_f-text,refit,1,0.28547971389647964,,31.068065899999056
neumf_f-text,refit,2,0.26765846533310866,,31.02611220000108
neumf_f-text,refit,3,0.25472128375115155,,31.531750199996168
neumf_f-text,refit,4,0.2437208532284004,,31.00815469999361
neumf_f-text,refit,5,0.23340087382710462,,30.763003899999603
neumf_f-text,refit,6,0.22352544153273887,,30.908678699997836
neumf_f-text,refit,7,0.21429632938186985,,30.91979320000246
neumf_f-time,select,1,0.3300766112731643,0.0055577347799626396,28.359752500000468
neumf_f-time,select,2,0.30527689832390953,0.007599449180950571,28.177009899998666
neumf_f-time,select,3,0.28442279677656823,0.006981935967088304,28.277853500003403
neumf_f-time,select,4,0.2669208980668298,0.008258233608802642,28.41876510000293
neumf_f-time,select,5,0.25228155598778246,0.008874572995858932,28.37318800000503
neumf_f-time,select,6,0.2393137255853272,0.009623258031752364,28.39624560000084
neumf_f-time,select,7,0.22782721933591546,0.010070723161957312,28.324724800004333
neumf_f-time,select,8,0.21646156834135785,0.009457642620430926,28.191401600000972
neumf_f-time,select,9,0.20623884514628946,0.00959381704836038,28.08480640000198
neumf_f-time,select,10,0.196986401245433,0.009838773415514807,28.38458669999818
neumf_f-time,select,11,0.18805541240713725,0.00954199263155122,28.286493999999948
neumf_f-time,select,12,0.17942201696606522,0.008845192056605987,28.162267200001224
neumf_f-time,refit,1,0.32922097855272525,,29.277796100002888
neumf_f-time,refit,2,0.304304743278081,,29.279210000000603
neumf_f-time,refit,3,0.283798077155948,,29.14545309999812
neumf_f-time,refit,4,0.2660249787410939,,29.094966299999214
neumf_f-time,refit,5,0.2509656711367288,,28.89460720000352
neumf_f-time,refit,6,0.23781482774617668,,29.04639429999952
neumf_f-time,refit,7,0.2260368920552411,,29.035521000005247
neumf_f-user,select,1,0.28559350618937135,0.008252638342866905,25.240908699997817
neumf_f-user,select,2,0.25192533481335505,0.010842819706998732,25.08052989999851
neumf_f-user,select,3,0.2340245237747008,0.011278631945223746,25.351318400003947
neumf_f-user,select,4,0.2198807524653952,0.011431931904752063,25.205834499996854
neumf_f-user,select,5,0.20723361802976484,0.01214277877848079,25.346462800000154
neumf_f-user,select,6,0.1959804998970566,0.012951047485472973,25.363060900002893
neumf_f-user,select,7,0.18564768476547375,0.013398174215358886,25.26831310000125
neumf_f-user,select,8,0.1761634799780061,0.011371621014019515,25.469948400001158
neumf_f-user,select,9,0.16708259661529523,0.011270006792794765,25.19941700000345
neumf_f-user,select,10,0.1594992902374872,0.010874099038331735,25.40079309999419
neumf_f-user,select,11,0.15240365715460663,0.010687495871075474,25.23891690000164
neumf_f-user,select,12,0.1452904435292664,0.011702719753260682,25.319775000003574
neumf_f-user,refit,1,0.2837386204347363,,26.292419399993378
neumf_f-user,refit,2,0.24957404476077777,,26.18369800000073
neumf_f-user,refit,3,0.23170121006042838,,26.075797700003022
neumf_f-user,refit,4,0.21711613163904536,,26.12783440000203
neumf_f-user,refit,5,0.20465582703105803,,26.097693399999116
neumf_f-user,refit,6,0.1934690044664752,,26.163155000002007
neumf_f-user,refit,7,0.183151543063908,,26.215885399993567
neumf_f-attr,select,1,0.28887085050159905,0.006785955350557648,22.646982699996443
neumf_f-attr,select,2,0.2639454318662549,0.007186303241259302,22.50258549999853
neumf_f-attr,select,3,0.24498108219639878,0.009917685562032897,22.637862600000517
neumf_f-attr,select,4,0.2300195948137572,0.01207855007425534,22.516549899999518
neumf_f-attr,select,5,0.2175626656767261,0.014413174867651738,22.662307799997507
neumf_f-attr,select,6,0.20621019871194116,0.013450928786210082,22.662319299997762
neumf_f-attr,select,7,0.19592650232502087,0.014551348585574051,22.603352899997844
neumf_f-attr,select,8,0.18644906677123335,0.012224210924056261,22.46215949999896
neumf_f-attr,select,9,0.17699774268567475,0.013018574994147054,22.543227000001934
neumf_f-attr,select,10,0.16872370980660215,0.01272015343776883,22.69597860000067
neumf_f-attr,select,11,0.16064278475129473,0.011259474179081132,22.576582699999562
neumf_f-attr,select,12,0.1525843433334883,0.012126475180097957,22.535521100006008
neumf_f-attr,refit,1,0.28741667913118907,,23.545387900005153
neumf_f-attr,refit,2,0.2619664725309362,,23.366626600000018
neumf_f-attr,refit,3,0.24300487360747555,,23.36994820000109
neumf_f-attr,refit,4,0.22789471009103354,,23.416497099999106
neumf_f-attr,refit,5,0.21558463437874795,,23.198809400004393
neumf_f-attr,refit,6,0.20446972069965386,,23.36486629999854
neumf_f-attr,refit,7,0.19419622598497513,,23.366646800001035
neumf_f-iddrop,select,1,0.2866261559306468,0.007086704753277138,29.992143199997372
neumf_f-iddrop,select,2,0.26334527800635793,0.008672346121325173,30.010067600000184
neumf_f-iddrop,select,3,0.24545419083886777,0.01090137678938468,30.066253700002562
neumf_f-iddrop,select,4,0.23054526249714144,0.013571363865515381,29.984444800000347
neumf_f-iddrop,select,5,0.2184588960035471,0.013738561981897712,30.114645599998767
neumf_f-iddrop,select,6,0.20811834559174142,0.014269709045475216,30.152940699998
neumf_f-iddrop,select,7,0.19890031214573853,0.013803449173270244,30.156441499995708
neumf_f-iddrop,select,8,0.1900939752625983,0.01357529230436678,29.952945199998794
neumf_f-iddrop,select,9,0.18130395426770574,0.013273618305572275,30.10673279999901
neumf_f-iddrop,select,10,0.17402079642100238,0.012350806693622384,30.14201509999839
neumf_f-iddrop,select,11,0.167057756970622,0.012820796762270588,29.983776600005513
neumf_f-iddrop,refit,1,0.2849623511263254,,31.186146000000008
neumf_f-iddrop,refit,2,0.2616152387607526,,31.4180680999998
neumf_f-iddrop,refit,3,0.24397588526342368,,31.064423600000737
neumf_f-iddrop,refit,4,0.2289360605235516,,31.242605400002503
neumf_f-iddrop,refit,5,0.21732053680465485,,31.33365039999626
neumf_f-iddrop,refit,6,0.20725445721364333,,31.14156570000341
