model,seed,coverage,novelty,ARP,HRR
MostPopular,2024,0.0016640563821456538,9.69294639016445,258.4902536715621,1.0
BPR-MF,2024,0.07713390759592796,10.122988971301698,226.2566421895861,0.9358144192256341
GMF,2024,0.0022513703993735316,9.716479045520957,255.31428571428572,1.0
MLP,2024,0.004698512137823023,9.934357833513623,221.6783377837116,1.0
NeuMF-Scratch,2024,0.21025841816758026,11.218866023928411,116.52489986648865,0.84956608811749
NeuMF-Pretrained,2024,0.004013312451057165,9.733222155237856,253.15100133511348,1.0
MostPopular,2025,0.0016640563821456538,9.69294639016445,258.4902536715621,1.0
BPR-MF,2025,0.07341425215348472,10.120494603834494,229.72406542056075,0.9325433911882509
GMF,2025,0.011942051683633517,9.944072329058326,226.1669225634179,0.9999666221628839
MLP,2025,0.0017619420516836336,9.720858369564809,254.46001335113485,1.0
NeuMF-Scratch,2025,0.15270164447924825,10.932066013061528,136.5056074766355,0.9123831775700935
NeuMF-Pretrained,2025,0.005187940485512921,9.747241602887229,250.89449265687583,1.0
MostPopular,42,0.0016640563821456538,9.69294639016445,258.4902536715621,1.0
BPR-MF,42,0.07106499608457321,10.134255728990313,226.87403204272363,0.9320761014686249
GMF,42,0.07292482380579483,10.397478993369026,179.9781041388518,0.9840453938584779
MLP,42,0.01086530931871574,9.740311494392994,253.67329773030707,0.9966622162883845
NeuMF-Scratch,42,0.08281127642913078,10.597886401363537,161.598564753004,0.9481308411214953
NeuMF-Pretrained,42,0.13635473766640563,10.507482367957607,176.10610814419226,0.9448264352469959
