epoch,loss,NDCG@10,epoch_time_s
1,0.4979635835585749,0.008076734755830504,18.45985109999856
2,0.4793572714352548,0.008291343970349111,18.3170054000002
3,0.4506908481555092,0.009654354536124048,18.253866999999445
4,0.4115640975739296,0.008778339894320928,17.810185199999978
5,0.3820970571843763,0.008321802367332915,17.543271900000036
6,0.3622393950411209,0.008475732096904604,18.1434203000008
7,0.3469497212893945,0.007271571986416088,17.99633519999952
8,0.3356767062980338,0.007813255364367984,17.894773599999098
9,0.3266721064313094,0.007339238955526195,18.100974599999972
10,0.3189575647698376,0.007087229110801073,18.034168500000305
