model,coverage10,best_epoch_mean,best_epochs,train_min
neumf_f,0.13320491924729588,3.0,4;2;3;3;3,15.174333333333333
late_f,0.053341235738627944,,,0.0
gmf_f,0.06934360646021633,4.4,3;7;3;3;6,13.688333333333333
mlp_f,0.05319306563935398,4.6,5;9;4;3;2,16.436
neumf,0.05971255000740851,4.2,5;4;5;3;4,6.188666666666667
gmf,0.07319602904133946,6.2,8;8;2;7;6,7.192333333333333
mlp,0.0327455919395466,4.8,5;5;3;5;6,8.399
bpr,0.05082234405097051,,,4.268000000000001
itemknn,0.20447473699807378,,,0.02666666666666667
userknn,0.057193658319751074,,,0.04833333333333333
content,0.7824862942658172,,,0.03833333333333333
recent_pop,0.00296340198547933,,,0.0
popularity,0.00296340198547933,,,0.0
random,0.9893317528522744,,,0.0
