id,A,B,mean_A,mean_B,diff,rel_diff,ci_low,ci_high,n_users,n_nonzero,p_wilcoxon,p_holm,verdict
1,neumf_f,neumf,0.04002786238116608,0.027831350851200795,0.01219651152996529,0.43822923275170683,0.008756113189872222,0.015659801843415526,3165,1067,2.7306095815764888e-14,1.6383657489458933e-13,A tốt hơn
2,neumf_f,gmf_f,0.04002786238116608,0.039021470522629303,0.0010063918585367815,0.02579072098149537,-0.00045375461883325954,0.0025256825249570535,3165,1018,0.7193212362172847,0.7352697158058195,không khác biệt có ý nghĩa
3,neumf_f,mlp_f,0.04002786238116608,0.03479644972485972,0.00523141265630636,0.1503432878259666,0.0028349883845873182,0.007817447523408913,3165,1075,0.0007997099833123465,0.003198839933249386,A tốt hơn
4,neumf_f,late_f,0.04002786238116608,0.04092705262838941,-0.0008991902472233175,-0.0219705595559939,-0.0025172760464782116,0.0007201472163820703,3165,981,0.36763485790290973,0.7352697158058195,không khác biệt có ý nghĩa
5,neumf_f,bpr,0.04002786238116608,0.026611250943915903,0.013416611437250177,0.5041706406634597,0.009820297824975288,0.01712215636040928,3165,1034,4.580445534255813e-17,3.6643564274046506e-16,A tốt hơn
6,neumf_f,itemknn,0.04002786238116608,0.02860236273654237,0.011425499644623716,0.39945999391254816,0.007598284310751423,0.015246195943552966,3165,961,2.3429513364226726e-17,2.1086562027804055e-16,A tốt hơn
7,neumf_f,userknn,0.04002786238116608,0.031144201767491914,0.008883660613674169,0.2852428416690669,0.005092118294433431,0.012732963185876226,3165,980,8.698909016081231e-10,4.349454508040616e-09,A tốt hơn
8,neumf_f,recent_pop,0.04002786238116608,0.027601150428529116,0.01242671195263697,0.45022442034852506,0.008637292562913505,0.016222952292271133,3165,973,4.151921632626858e-15,2.9063451428388007e-14,A tốt hơn
9,neumf_f,content,0.04002786238116608,0.005057161259831619,0.03497070112133447,6.915085227576633,0.03129147840582231,0.038759013169486344,3165,887,1.6214118999894474e-103,1.6214118999894474e-102,A tốt hơn
10,neumf,bpr,0.027831350851200795,0.026611250943915903,0.0012200999072848869,0.04584902490515357,-0.000362593376730306,0.002814993960983529,3165,656,0.019735681537318223,0.05920704461195467,không khác biệt có ý nghĩa
