model,name,n_seeds,NDCG@10_mean,NDCG@10_std,Recall@10_mean,Recall@10_std,HR@10_mean,HR@10_std,Precision@10_mean,Precision@10_std,NDCG@5_mean,NDCG@5_std,NDCG@20_mean,NDCG@20_std,NDCG@10_old_mean,NDCG@10_old_std,NDCG@10_new_mean,NDCG@10_new_std,oldonly_NDCG@10_mean,oldonly_NDCG@10_std,val_NDCG@10
late_f,LateFusion-F,5,0.017527230436043123,0.0008479431298603775,0.024159773669308025,0.0008171779934933585,0.07662988966900701,0.0018220563816033087,0.008391842193246405,0.00021012713289830388,0.01451381411286654,0.0008471400527744896,0.022433478125751742,0.0010639369165869278,0.02818038489653867,0.0014220952799379924,0.00016531533167408522,0.00022784461717948606,0.02852976023022492,0.001171848767904699,0.016316
gmf_f,GMF-F,5,0.015609803120262583,0.0012913417951865315,0.02150156814975189,0.0017552218531142855,0.0665329321297225,0.004522818207445232,0.007235038448679371,0.0005278915693857885,0.013022001217253994,0.0016259235380883129,0.019925251836440706,0.0015029266347753503,0.02460936409201634,0.0020104821762402573,0.0006990484470676665,0.000328868765169108,0.02643288704350767,0.001954509908797674,0.0157
neumf_f,NeuMF-F,5,0.014702761839979045,0.0006192780549175601,0.020822932180535058,0.001157630262805658,0.0645937813440321,0.0035728652644313077,0.00716148445336008,0.00040769846022116853,0.012010966451610755,0.000375607099105107,0.018861330244097415,0.0006930155713712214,0.023847294527659206,0.0008762457761543549,0.000570538036193619,0.0002614058192179486,0.025361100664586682,0.0002700689774822722,0.016865
userknn,UserKNN,5,0.013047825932873156,1.939479807224432e-18,0.017512495187819922,0.0,0.051822133065864265,7.757919228897728e-18,0.0056837178201270475,0.0,0.010753829846451327,0.0,0.015255942321084839,0.0,0.02060146332263671,0.0,0.0,0.0,0.02060146332263671,0.0,0.012156
bpr,BPR-MF,5,0.012064112256707647,0.000709921072253736,0.016709402472597633,0.0012018216157338186,0.04874623871614844,0.0025286085457959266,0.005315947843530592,0.00029432993750683743,0.010214444951545425,0.0005140578527942666,0.014898356826385,0.0005730140676863308,0.018765665689812954,0.001162160960136106,0.0,0.0,0.018765665689812954,0.001162160960136106,0.009339
neumf,NeuMF,5,0.0107149998107051,0.0006828897797954514,0.015062613916611409,0.0007782758214528792,0.0458040789033768,0.0024907496532516472,0.004867937144767636,0.00028032462475766724,0.008997729935630448,0.0007992141759661483,0.013571757073550437,0.0003810907088170639,0.01673473791871429,0.0012009444202671286,0.0,0.0,0.01673473791871429,0.0012009444202671286,0.011084
itemknn,ItemKNN,5,0.010271825167095969,0.0,0.014298191729013606,0.0,0.03811434302908726,0.0,0.0041123370110330995,0.0,0.009013857750824882,0.0,0.01224017039488497,0.0,0.016061837041714103,0.0,0.0,0.0,0.016061837041714103,0.0,0.010936
popularity,Most Popular,5,0.010044202577773675,0.0,0.015850400164182474,0.0,0.04613841524573721,0.0,0.004847876964226012,0.0,0.007800551682215141,0.0,0.012415013089343823,0.0,0.015464082273528763,0.0,0.0,0.0,0.015464082273528763,0.0,0.007344
recent_pop,MostPopular-Recent,5,0.00994981005354386,0.0,0.015381916859851472,0.0,0.05382815112002674,7.757919228897728e-18,0.005616850551654966,0.0,0.007911230975163138,0.0,0.014869978048986576,1.939479807224432e-18,0.015540004202993988,0.0,0.0,0.0,0.015540004202993988,0.0,0.008299
mlp,MLP,5,0.009847119115901642,0.00030345428722818567,0.014734991581673438,0.0004582568255953838,0.04373119358074222,0.0011914764079709438,0.0046339017051153465,0.0001543026514104223,0.007634158084563805,0.00046730953925103186,0.012243037169026751,0.00038111898580679265,0.01515410709049356,0.00044166978327515795,0.0,0.0,0.01515410709049356,0.00044166978327515795,0.007969
mlp_f,MLP-F,5,0.00978234564070775,0.0017450791842735713,0.014617471359543744,0.003206167411995304,0.05208960213975259,0.009639097079126656,0.005603477097960549,0.001057687167619985,0.006943010795777747,0.001740889904558272,0.013811661362944311,0.002384601979449565,0.01610992673038989,0.0028408264873276056,3.532851368851178e-05,4.904061234935835e-05,0.016258622682897184,0.0027754903321333298,0.011356
gmf,GMF,5,0.009666836141925959,0.0005953473926137696,0.014864234405284194,0.0009390480610631731,0.04506853895018389,0.002791257969206526,0.004740889334670679,0.00029754056116732837,0.007711637395466103,0.0009681596426022753,0.012214587983252301,0.0007223784238217823,0.015037889867230281,0.0008635822311589691,0.0,0.0,0.015037889867230281,0.0008635822311589691,0.008448
content,Content,5,0.003838081709190086,0.0,0.005632949928336087,0.0,0.0160481444332999,0.0,0.001671681711802073,0.0,0.0030625762252960357,0.0,0.005266677700924286,0.0,0.004770819214278506,0.0,0.0017620360676018332,0.0,0.005728739989912033,0.0,0.004989
random,Random,5,0.0003102965068603573,9.303239780322753e-05,0.0005245146114813942,0.00020333193867831588,0.0019391507856904046,0.0004959009352788808,0.0002006018054162488,5.286321732143731e-05,0.00019152957427501113,9.165829060864703e-05,0.0005789796887686147,5.0337251691576634e-05,0.00026918516916947717,0.00014133738600865693,0.00028478357745217493,0.00018593987480256116,0.0006178921947415121,0.00023207275956946044,
